,Car Coord X,Car Coord Y
0,276.4375,-237.53333333333336
1,276.52500000000003,-237.41666666666666
2,276.6125,-237.28333333333336
3,276.71250000000003,-237.15
4,276.825,-237.0
5,276.9375,-236.85000000000002
6,277.05,-236.68333333333337
7,277.1875,-236.51666666666665
8,277.3125,-236.33333333333337
9,277.46250000000003,-236.15
10,277.6125,-235.95000000000002
11,277.77500000000003,-235.75
12,277.9375,-235.55
13,278.1125,-235.33333333333337
14,278.3,-235.11666666666667
15,278.4875,-234.88333333333335
16,278.6875,-234.65
17,278.9125,-234.41666666666666
18,279.1375,-234.16666666666666
19,279.3625,-233.91666666666666
20,279.6125,-233.66666666666666
21,279.875,-233.41666666666666
22,280.15000000000003,-233.16666666666666
23,280.425,-232.95000000000002
24,280.7,-232.71666666666667
25,280.975,-232.5
26,281.25,-232.26666666666665
27,281.52500000000003,-232.05
28,281.7875,-231.81666666666666
29,282.05,-231.58333333333337
30,282.3125,-231.35000000000002
31,282.5625,-231.11666666666667
32,282.825,-230.88333333333335
33,283.08750000000003,-230.65
34,283.35,-230.41666666666666
35,283.625,-230.16666666666666
36,283.9125,-229.91666666666666
37,284.21250000000003,-229.65
38,284.52500000000003,-229.36666666666667
39,284.83750000000003,-229.08333333333337
40,285.1625,-228.8
41,285.4875,-228.48333333333335
42,285.825,-228.16666666666666
43,286.175,-227.85000000000002
44,286.52500000000003,-227.51666666666665
45,286.8875,-227.16666666666666
46,287.25,-226.81666666666666
47,287.6125,-226.45000000000002
48,287.9875,-226.06666666666666
49,288.375,-225.68333333333337
50,288.7625,-225.28333333333336
51,289.15000000000003,-224.88333333333335
52,289.5375,-224.45000000000002
53,289.9375,-224.01666666666665
54,290.325,-223.56666666666666
55,290.725,-223.10000000000002
56,291.1125,-222.61666666666667
57,291.4875,-222.13333333333335
58,291.83750000000003,-221.63333333333335
59,292.1875,-221.13333333333335
60,292.5375,-220.63333333333335
61,292.875,-220.15
62,293.2375,-219.66666666666666
63,293.58750000000003,-219.18333333333337
64,293.95,-218.71666666666667
65,294.3125,-218.25
66,294.675,-217.78333333333336
67,295.0375,-217.31666666666666
68,295.3875,-216.86666666666667
69,295.75,-216.4
70,296.1,-215.95000000000002
71,296.46250000000003,-215.5
72,296.8125,-215.05
73,297.1625,-214.58333333333337
74,297.52500000000003,-214.13333333333335
75,297.8875,-213.65
76,298.2625,-213.18333333333337
77,298.65000000000003,-212.68333333333337
78,299.0375,-212.18333333333337
79,299.425,-211.68333333333337
80,299.825,-211.16666666666666
81,300.225,-210.65
82,300.6375,-210.11666666666667
83,301.1125,-209.48333333333335
84,301.46250000000003,-209.03333333333336
85,301.8875,-208.48333333333335
86,302.3,-207.95000000000002
87,302.71250000000003,-207.4
88,303.125,-206.83333333333337
89,303.52500000000003,-206.3
90,303.95,-205.73333333333335
91,304.3625,-205.15
92,304.8,-204.56666666666666
93,305.225,-203.96666666666667
94,305.675,-203.36666666666667
95,306.1125,-202.75
96,306.5625,-202.11666666666667
97,307.02500000000003,-201.46666666666667
98,307.4875,-200.8
99,307.9375,-200.13333333333335
100,308.4125,-199.45000000000002
101,308.875,-198.75
102,309.35,-198.03333333333336
103,309.8125,-197.3
104,310.2875,-196.55
105,310.7625,-195.8
106,311.2375,-195.03333333333333
107,311.71250000000003,-194.25
108,312.2,-193.45000000000002
109,312.6875,-192.63333333333333
110,313.175,-191.8166666666667
111,313.675,-190.98333333333335
112,314.175,-190.13333333333333
113,314.675,-189.26666666666668
114,315.1875,-188.38333333333333
115,315.7,-187.5
116,316.2375,-186.58333333333334
117,316.7625,-185.68333333333334
118,317.3,-184.75
119,317.83750000000003,-183.8166666666667
120,318.38750000000005,-182.86666666666667
121,318.9375,-181.9
122,319.4875,-180.91666666666669
123,320.05,-179.93333333333334
124,320.6125,-178.93333333333334
125,321.175,-177.9
126,321.75,-176.86666666666667
127,322.32500000000005,-175.83333333333334
128,322.90000000000003,-174.76666666666668
129,323.475,-173.68333333333334
130,324.0625,-172.60000000000002
131,324.63750000000005,-171.5
132,325.225,-170.38333333333333
133,325.7875,-169.28333333333333
134,326.3625,-168.16666666666669
135,326.9375,-167.03333333333333
136,327.52500000000003,-165.9
137,328.1125,-164.73333333333335
138,328.70000000000005,-163.5666666666667
139,329.3,-162.38333333333333
140,329.9125,-161.20000000000002
141,330.51250000000005,-159.98333333333335
142,331.125,-158.76666666666668
143,331.75,-157.53333333333333
144,332.375,-156.3
145,333.0,-155.03333333333333
146,333.63750000000005,-153.76666666666668
147,334.27500000000003,-152.48333333333335
148,334.925,-151.20000000000002
149,335.5625,-149.88333333333333
150,336.225,-148.5666666666667
151,336.875,-147.23333333333335
152,337.5375,-145.88333333333333
153,338.20000000000005,-144.51666666666668
154,338.8625,-143.13333333333333
155,339.52500000000003,-141.75
156,340.20000000000005,-140.35
157,340.875,-138.93333333333334
158,341.55,-137.51666666666668
159,342.21250000000003,-136.1
160,342.88750000000005,-134.66666666666669
161,343.5625,-133.23333333333332
162,344.2375,-131.78333333333333
163,344.9125,-130.33333333333334
164,345.6,-128.85
165,346.2875,-127.36666666666667
166,346.96250000000003,-125.88333333333333
167,347.65000000000003,-124.36666666666667
168,348.33750000000003,-122.85
169,349.02500000000003,-121.31666666666669
170,349.70000000000005,-119.78333333333333
171,350.38750000000005,-118.21666666666668
172,351.0625,-116.65
173,351.7375,-115.08333333333333
174,352.40000000000003,-113.48333333333333
175,353.07500000000005,-111.9
176,353.75,-110.30000000000001
177,354.425,-108.7
178,355.1125,-107.10000000000001
179,355.8,-105.51666666666668
180,356.4875,-103.93333333333334
181,357.1875,-102.33333333333333
182,357.90000000000003,-100.76666666666668
183,358.6125,-99.18333333333334
184,359.32500000000005,-97.60000000000001
185,360.0375,-96.03333333333333
186,360.75,-94.46666666666668
187,361.475,-92.9
188,362.20000000000005,-91.33333333333334
189,362.925,-89.78333333333335
190,363.65000000000003,-88.21666666666667
191,364.38750000000005,-86.66666666666667
192,365.125,-85.11666666666667
193,365.8625,-83.56666666666666
194,366.6,-82.01666666666667
195,367.45000000000005,-80.23333333333335
196,368.125,-78.85000000000001
197,368.8625,-77.28333333333335
198,369.6125,-75.71666666666667
199,370.3625,-74.15
200,371.1,-72.56666666666666
201,371.85,-70.98333333333335
202,372.58750000000003,-69.38333333333334
203,373.32500000000005,-67.78333333333335
204,374.0625,-66.18333333333334
205,374.8125,-64.55
206,375.55,-62.91666666666667
207,376.2875,-61.25
208,377.02500000000003,-59.60000000000001
209,377.75,-57.900000000000006
210,378.46250000000003,-56.233333333333334
211,379.175,-54.53333333333334
212,379.88750000000005,-52.83333333333334
213,380.57500000000005,-51.11666666666667
214,381.25,-49.43333333333334
215,381.9125,-47.766666666666666
216,382.55,-46.1
217,383.1875,-44.45
218,383.8,-42.833333333333336
219,384.40000000000003,-41.21666666666667
220,384.9875,-39.583333333333336
221,385.55,-38.01666666666667
222,386.1,-36.46666666666667
223,386.63750000000005,-34.91666666666667
224,387.1625,-33.400000000000006
225,387.6625,-31.900000000000006
226,388.1625,-30.41666666666667
227,388.63750000000005,-28.96666666666667
228,389.1,-27.53333333333333
229,389.55,-26.133333333333333
230,389.975,-24.766666666666673
231,390.38750000000005,-23.400000000000002
232,390.7875,-22.06666666666667
233,391.1875,-20.76666666666667
234,391.55,-19.46666666666667
235,391.90000000000003,-18.200000000000003
236,392.2375,-16.916666666666668
237,392.5625,-15.650000000000002
238,392.8625,-14.383333333333336
239,393.13750000000005,-13.133333333333336
240,393.40000000000003,-11.900000000000002
241,393.625,-10.666666666666668
242,393.85,-9.45
243,394.0625,-8.216666666666665
244,394.27500000000003,-7.0
245,394.475,-5.783333333333335
246,394.6625,-4.583333333333334
247,394.82500000000005,-3.366666666666667
248,394.975,-2.166666666666668
249,395.125,-0.9666666666666668
250,395.25,0.25
251,395.375,1.4499999999999993
252,395.4875,2.6499999999999995
253,395.57500000000005,3.8499999999999996
254,395.6625,5.05
255,395.725,6.266666666666667
256,395.76250000000005,7.45
257,395.8,8.666666666666666
258,395.82500000000005,9.866666666666667
259,395.83750000000003,11.066666666666666
260,395.83750000000003,12.266666666666666
261,395.83750000000003,13.466666666666667
262,395.82500000000005,14.666666666666668
263,395.82500000000005,15.850000000000001
264,395.8125,17.05
265,395.7875,18.233333333333334
266,395.77500000000003,19.416666666666668
267,395.75,20.6
268,395.725,21.783333333333335
269,395.70000000000005,22.96666666666667
270,395.6625,24.150000000000002
271,395.625,25.35
272,395.57500000000005,26.55
273,395.51250000000005,27.766666666666666
274,395.4375,29.0
275,395.3625,30.25
276,395.27500000000003,31.5
277,395.1875,32.78333333333333
278,395.08750000000003,34.06666666666667
279,394.975,35.38333333333333
280,394.8625,36.7
281,394.7375,38.016666666666666
282,394.6,39.366666666666674
283,394.46250000000003,40.71666666666667
284,394.32500000000005,42.06666666666667
285,394.1875,43.43333333333333
286,394.05,44.800000000000004
287,393.9125,46.18333333333333
288,393.77500000000003,47.56666666666667
289,393.65000000000003,48.95
290,393.52500000000003,50.35
291,393.40000000000003,51.733333333333334
292,393.27500000000003,53.116666666666674
293,393.1625,54.51666666666667
294,393.05,55.91666666666667
295,392.925,57.300000000000004
296,392.8125,58.7
297,392.70000000000005,60.11666666666667
298,392.4375,63.28333333333334
299,392.4375,63.28333333333334
300,392.3625,64.38333333333334
301,392.25,65.76666666666667
302,392.13750000000005,67.15
303,392.0375,68.53333333333333
304,391.9375,69.9
305,391.83750000000003,71.25
306,391.7375,72.56666666666666
307,391.63750000000005,73.86666666666666
308,391.5375,75.13333333333334
309,391.45000000000005,76.38333333333334
310,391.35,77.58333333333334
311,391.26250000000005,78.76666666666667
312,391.175,79.91666666666667
313,391.08750000000003,81.05
314,391.0,82.13333333333334
315,390.9125,83.2
316,390.82500000000005,84.25
317,390.7375,85.25
318,390.65000000000003,86.23333333333335
319,390.5625,87.18333333333334
320,390.475,88.11666666666667
321,390.38750000000005,89.01666666666667
322,390.3,89.88333333333334
323,390.21250000000003,90.73333333333335
324,390.125,91.55000000000001
325,390.0375,92.36666666666667
326,389.9375,93.16666666666667
327,389.85,93.96666666666667
328,389.76250000000005,94.76666666666667
329,389.675,95.56666666666666
330,389.58750000000003,96.36666666666667
331,389.4875,97.16666666666667
332,389.40000000000003,97.96666666666667
333,389.3125,98.76666666666667
334,389.225,99.56666666666666
335,389.125,100.38333333333334
336,389.0375,101.18333333333334
337,388.95000000000005,101.98333333333335
338,388.8625,102.78333333333335
339,388.76250000000005,103.58333333333334
340,388.675,104.38333333333334
341,388.58750000000003,105.2
342,388.4875,106.0
343,388.38750000000005,106.80000000000001
344,388.3,107.60000000000001
345,388.20000000000005,108.41666666666667
346,388.1,109.21666666666667
347,388.01250000000005,110.01666666666667
348,387.9125,110.83333333333333
349,387.8125,111.63333333333333
350,387.725,112.43333333333334
351,387.625,113.25
352,387.52500000000003,114.05000000000001
353,387.425,114.85000000000001
354,387.32500000000005,115.63333333333333
355,387.225,116.4
356,387.13750000000005,117.16666666666669
357,387.0375,117.91666666666669
358,386.95000000000005,118.65
359,386.85,119.38333333333333
360,386.75,120.11666666666667
361,386.6625,120.81666666666668
362,386.5625,121.51666666666668
363,386.475,122.21666666666668
364,386.375,122.88333333333333
365,386.27500000000003,123.56666666666668
366,386.175,124.21666666666668
367,386.08750000000003,124.86666666666667
368,385.9875,125.5
369,385.88750000000005,126.13333333333333
370,385.8,126.75
371,385.70000000000005,127.36666666666667
372,385.58750000000003,127.98333333333333
373,385.4875,128.60000000000002
374,385.38750000000005,129.2166666666667
375,385.2875,129.83333333333331
376,385.1875,130.45
377,385.08750000000003,131.08333333333331
378,385.0,131.73333333333335
379,384.90000000000003,132.4
380,384.8,133.08333333333331
381,384.70000000000005,133.76666666666668
382,384.6125,134.48333333333335
383,384.51250000000005,135.2166666666667
384,384.425,135.95
385,384.32500000000005,136.71666666666667
386,384.225,137.48333333333332
387,384.125,138.25
388,384.0375,139.05
389,383.9375,139.83333333333334
390,383.83750000000003,140.63333333333333
391,383.75,141.45000000000002
392,383.65000000000003,142.25
393,383.55,143.0666666666667
394,383.45000000000005,143.88333333333333
395,383.35,144.71666666666667
396,383.25,145.53333333333333
397,383.15000000000003,146.36666666666667
398,383.05,147.20000000000002
399,382.9375,148.03333333333333
400,382.83750000000003,148.88333333333333
401,382.7375,149.73333333333332
402,382.625,150.58333333333334
403,382.51250000000005,151.45000000000002
404,382.4125,152.3166666666667
405,382.3,153.20000000000002
406,382.1875,154.08333333333334
407,382.07500000000005,154.95000000000002
408,381.96250000000003,155.8166666666667
409,381.8625,156.68333333333334
410,381.75,157.51666666666668
411,381.63750000000005,158.35
412,381.5375,159.16666666666669
413,381.425,159.95000000000002
414,381.32500000000005,160.73333333333332
415,381.225,161.5
416,381.1125,162.26666666666668
417,381.01250000000005,163.0
418,380.9125,163.73333333333335
419,380.8125,164.45000000000002
420,380.70000000000005,165.15
421,380.6,165.83333333333334
422,380.5,166.51666666666668
423,380.40000000000003,167.16666666666669
424,380.3,167.8166666666667
425,380.20000000000005,168.45000000000002
426,380.1,169.0666666666667
427,380.0,169.66666666666669
428,379.88750000000005,170.25
429,379.77500000000003,170.85000000000002
430,379.65000000000003,171.45000000000002
431,379.52500000000003,172.05
432,379.375,172.65
433,379.2375,173.26666666666668
434,379.07500000000005,173.88333333333333
435,378.9125,174.5
436,378.7375,175.13333333333333
437,378.55,175.76666666666668
438,378.33750000000003,176.4
439,378.125,177.03333333333333
440,377.88750000000005,177.66666666666669
441,377.63750000000005,178.3
442,377.375,178.95000000000002
443,377.1,179.58333333333334
444,376.7875,180.23333333333335
445,376.475,180.86666666666667
446,376.13750000000005,181.5
447,375.77500000000003,182.13333333333333
448,375.38750000000005,182.75
449,375.0,183.38333333333333
450,374.58750000000003,184.0
451,374.15000000000003,184.61666666666667
452,373.70000000000005,185.23333333333335
453,373.225,185.83333333333334
454,372.725,186.43333333333334
455,372.21250000000003,187.01666666666668
456,371.6625,187.58333333333334
457,371.1125,188.15
458,370.5375,188.70000000000002
459,369.9375,189.25
460,369.33750000000003,189.78333333333333
461,368.71250000000003,190.3
462,368.08750000000003,190.8166666666667
463,367.4375,191.3166666666667
464,366.7875,191.78333333333333
465,366.125,192.25
466,365.45000000000005,192.70000000000002
467,364.77500000000003,193.13333333333333
468,364.08750000000003,193.53333333333333
469,363.40000000000003,193.93333333333334
470,362.71250000000003,194.3166666666667
471,362.01250000000005,194.68333333333334
472,361.3125,195.03333333333333
473,360.6125,195.35000000000002
474,359.90000000000003,195.65
475,359.20000000000005,195.95000000000002
476,358.4875,196.2166666666667
477,357.7875,196.4666666666667
478,357.07500000000005,196.68333333333334
479,356.375,196.9
480,355.6625,197.08333333333334
481,354.95000000000005,197.25
482,354.225,197.38333333333333
483,353.5,197.5
484,352.77500000000003,197.60000000000002
485,352.0375,197.70000000000002
486,351.3,197.76666666666668
487,350.5625,197.83333333333334
488,349.8125,197.86666666666667
489,349.0625,197.9
490,348.3125,197.91666666666669
491,347.5625,197.91666666666669
492,346.8125,197.88333333333333
493,346.05,197.85000000000002
494,345.3,197.8
495,344.5375,197.73333333333335
496,343.7875,197.63333333333333
497,343.0375,197.53333333333333
498,342.3,197.38333333333333
499,341.5625,197.23333333333335
500,340.8125,197.05
501,340.07500000000005,196.85000000000002
502,339.35,196.63333333333333
503,338.6125,196.38333333333333
504,337.88750000000005,196.11666666666667
505,337.175,195.83333333333334
506,336.46250000000003,195.51666666666668
507,335.76250000000005,195.20000000000002
508,335.0625,194.85000000000002
509,334.375,194.4666666666667
510,333.70000000000005,194.08333333333334
511,333.0375,193.66666666666669
512,332.38750000000005,193.23333333333335
513,331.75,192.76666666666668
514,331.125,192.3
515,330.5,191.8
516,329.90000000000003,191.28333333333333
517,329.3,190.73333333333335
518,328.725,190.18333333333334
519,328.15000000000003,189.61666666666667
520,327.6,189.01666666666668
521,327.07500000000005,188.4
522,326.5625,187.75
523,326.07500000000005,187.10000000000002
524,325.6,186.41666666666669
525,325.15000000000003,185.7166666666667
526,324.71250000000003,185.0
527,324.2875,184.26666666666668
528,323.88750000000005,183.51666666666668
529,323.51250000000005,182.73333333333335
530,323.15000000000003,181.95000000000002
531,322.8125,181.13333333333333
532,322.4875,180.3166666666667
533,322.1875,179.4666666666667
534,321.9125,178.61666666666667
535,321.6625,177.75
536,321.425,176.88333333333333
537,321.21250000000003,176.0
538,321.01250000000005,175.11666666666667
539,320.83750000000003,174.2166666666667
540,320.6625,173.3
541,320.51250000000005,172.4
542,320.375,171.4666666666667
543,320.2375,170.53333333333333
544,320.125,169.58333333333334
545,320.02500000000003,168.61666666666667
546,319.95000000000005,167.63333333333333
547,319.875,166.63333333333333
548,319.82500000000005,165.61666666666667
549,319.8,164.58333333333334
550,319.7875,163.55
551,319.8,162.5
552,319.85,161.43333333333334
553,319.90000000000003,160.46666666666667
554,319.9875,159.3
555,320.1,158.20000000000002
556,320.2375,157.11666666666667
557,320.40000000000003,156.01666666666668
558,320.57500000000005,154.91666666666669
559,320.77500000000003,153.8
560,321.0,152.68333333333334
561,321.2375,151.5666666666667
562,321.5,150.43333333333334
563,321.7875,149.28333333333333
564,322.08750000000003,148.13333333333333
565,322.40000000000003,146.96666666666667
566,322.725,145.78333333333333
567,323.0625,144.6
568,323.4125,143.38333333333333
569,323.77500000000003,142.16666666666669
570,324.13750000000005,140.93333333333334
571,324.51250000000005,139.70000000000002
572,324.90000000000003,138.43333333333334
573,325.27500000000003,137.18333333333334
574,325.6625,135.91666666666669
575,326.05,134.63333333333333
576,326.4375,133.35000000000002
577,326.83750000000003,132.03333333333333
578,327.225,130.7
579,327.6125,129.36666666666667
580,328.01250000000005,128.0
581,328.40000000000003,126.61666666666667
582,328.7875,125.21666666666668
583,329.175,123.81666666666668
584,329.5625,122.36666666666667
585,329.9375,120.91666666666669
586,330.3125,119.45
587,330.675,117.96666666666668
588,331.05,116.46666666666668
589,331.4125,114.93333333333334
590,331.7875,113.4
591,332.15000000000003,111.85000000000001
592,332.52500000000003,110.28333333333335
593,332.9125,108.7
594,333.3,107.10000000000001
595,333.70000000000005,105.48333333333335
596,334.1125,103.86666666666667
597,334.52500000000003,102.23333333333335
598,334.96250000000003,100.58333333333334
599,335.38750000000005,98.95
600,335.82500000000005,97.30000000000001
601,336.25,95.65
602,336.6875,93.96666666666667
603,337.1125,92.28333333333335
604,337.52500000000003,90.58333333333334
605,337.9375,88.86666666666667
606,338.33750000000003,87.13333333333334
607,338.725,85.4
608,339.1125,83.63333333333334
609,339.475,81.86666666666666
610,339.82500000000005,80.06666666666666
611,340.175,78.26666666666667
612,340.51250000000005,76.45
613,340.82500000000005,74.61666666666666
614,341.13750000000005,72.76666666666667
615,341.425,70.9
616,341.70000000000005,69.03333333333333
617,341.96250000000003,67.13333333333334
618,342.21250000000003,65.23333333333335
619,342.4375,63.31666666666666
620,342.6625,61.38333333333334
621,342.85,59.43333333333334
622,343.0375,57.483333333333334
623,343.1875,55.5
624,343.32500000000005,53.51666666666667
625,343.45000000000005,51.51666666666667
626,343.55,49.51666666666667
627,343.63750000000005,47.5
628,343.6875,45.46666666666667
629,343.7375,43.41666666666667
630,343.75,41.36666666666667
631,343.75,39.3
632,343.7375,37.2
633,343.70000000000005,35.116666666666674
634,343.63750000000005,33.016666666666666
635,343.5625,30.933333333333337
636,343.475,28.85
637,343.375,26.783333333333335
638,343.26250000000005,24.75
639,343.13750000000005,22.71666666666667
640,343.0,20.71666666666667
641,342.8625,18.75
642,342.71250000000003,16.81666666666667
643,342.57500000000005,14.9
644,342.425,13.016666666666666
645,342.27500000000003,11.166666666666668
646,342.1125,9.35
647,341.96250000000003,7.55
648,341.8,5.783333333333333
649,341.625,4.05
650,341.45000000000005,2.3499999999999996
651,341.27500000000003,0.6833333333333327
652,341.08750000000003,-0.9500000000000011
653,340.90000000000003,-2.566666666666668
654,340.70000000000005,-4.166666666666668
655,340.4875,-5.716666666666667
656,340.27500000000003,-7.266666666666666
657,340.05,-8.766666666666666
658,339.82500000000005,-10.266666666666666
659,339.58750000000003,-11.733333333333334
660,339.33750000000003,-13.183333333333337
661,339.07500000000005,-14.616666666666667
662,338.8,-16.05
663,338.5,-17.483333333333334
664,338.1875,-18.91666666666667
665,337.83750000000003,-20.35
666,337.475,-21.76666666666667
667,337.08750000000003,-23.183333333333334
668,336.675,-24.6
669,336.25,-26.016666666666673
670,335.77500000000003,-27.41666666666667
671,335.2875,-28.81666666666667
672,334.77500000000003,-30.200000000000003
673,334.2375,-31.583333333333336
674,333.6625,-32.96666666666667
675,333.07500000000005,-34.31666666666667
676,332.45000000000005,-35.68333333333334
677,331.8125,-37.03333333333333
678,331.13750000000005,-38.366666666666674
679,330.45000000000005,-39.7
680,329.725,-41.01666666666667
681,328.975,-42.31666666666667
682,328.20000000000005,-43.6
683,327.40000000000003,-44.88333333333334
684,326.57500000000005,-46.166666666666664
685,325.7375,-47.416666666666664
686,324.8625,-48.666666666666664
687,323.975,-49.900000000000006
688,323.0625,-51.11666666666667
689,322.125,-52.31666666666666
690,321.1625,-53.5
691,320.1875,-54.666666666666664
692,319.175,-55.83333333333334
693,318.1625,-56.983333333333334
694,317.1125,-58.10000000000001
695,316.05,-59.21666666666667
696,314.96250000000003,-60.3
697,313.8625,-61.38333333333334
698,312.7375,-62.43333333333334
699,311.58750000000003,-63.483333333333334
700,310.425,-64.5
701,309.2375,-65.51666666666667
702,308.0375,-66.5
703,306.825,-67.46666666666667
704,305.575,-68.41666666666667
705,304.325,-69.35000000000001
706,303.0625,-70.26666666666667
707,301.7875,-71.16666666666667
708,300.5125,-72.05000000000001
709,299.25,-72.9
710,297.9875,-73.73333333333335
711,296.75,-74.55000000000001
712,295.5375,-75.31666666666666
713,294.35,-76.03333333333335
714,293.1875,-76.73333333333335
715,292.0625,-77.4
716,290.975,-78.03333333333335
717,289.9125,-78.65
718,288.90000000000003,-79.23333333333335
719,287.9125,-79.78333333333335
720,286.96250000000003,-80.28333333333335
721,286.0375,-80.76666666666667
722,285.1375,-81.23333333333335
723,284.27500000000003,-81.66666666666667
724,283.425,-82.08333333333334
725,282.6125,-82.46666666666667
726,281.83750000000003,-82.81666666666666
727,281.075,-83.16666666666667
728,280.325,-83.46666666666667
729,279.625,-83.76666666666667
730,278.9375,-84.01666666666667
731,278.27500000000003,-84.26666666666667
732,277.6375,-84.48333333333335
733,277.0,-84.68333333333334
734,276.375,-84.88333333333334
735,275.7625,-85.05000000000001
736,275.1625,-85.2
737,274.5625,-85.31666666666666
738,273.975,-85.43333333333334
739,273.40000000000003,-85.51666666666667
740,272.825,-85.60000000000001
741,272.2625,-85.65
742,271.71250000000003,-85.68333333333334
743,271.1625,-85.7
744,270.625,-85.71666666666667
745,270.075,-85.7
746,269.55,-85.68333333333334
747,269.0125,-85.65
748,268.4875,-85.60000000000001
749,267.975,-85.53333333333335
750,267.46250000000003,-85.45
751,266.9625,-85.35000000000001
752,266.4875,-85.23333333333335
753,266.01250000000005,-85.10000000000001
754,265.5625,-84.95
755,265.1125,-84.78333333333335
756,264.6875,-84.61666666666667
757,264.2875,-84.41666666666667
758,263.9,-84.21666666666667
759,263.525,-84.0
760,263.175,-83.76666666666667
761,262.85,-83.51666666666667
762,262.5375,-83.26666666666667
763,262.2375,-83.0
764,261.9625,-82.73333333333335
765,261.725,-82.45
766,261.4875,-82.16666666666667
767,261.2875,-81.88333333333334
768,261.1,-81.60000000000001
769,260.9375,-81.31666666666666
770,260.8,-81.03333333333335
771,260.675,-80.75
772,260.57500000000005,-80.46666666666667
773,260.5,-80.18333333333334
774,260.4375,-79.9
775,260.38750000000005,-79.63333333333334
776,260.3625,-79.36666666666667
777,260.3625,-79.10000000000001
778,260.375,-78.85000000000001
779,260.4,-78.61666666666667
780,260.4375,-78.38333333333334
781,260.4875,-78.16666666666667
782,260.55,-77.96666666666667
783,260.625,-77.76666666666667
784,260.7125,-77.58333333333334
785,260.8,-77.41666666666667
786,260.9,-77.26666666666667
787,261.0,-77.11666666666667
788,261.1,-76.98333333333335
789,261.20000000000005,-76.85000000000001
790,261.3,-76.75
791,261.4125,-76.65
792,261.51250000000005,-76.55000000000001
793,261.625,-76.46666666666667
794,261.725,-76.4
795,261.8375,-76.33333333333334
796,261.95000000000005,-76.28333333333335
797,262.0625,-76.25
798,262.175,-76.21666666666667
799,262.275,-76.18333333333334
800,262.38750000000005,-76.16666666666667
801,262.4875,-76.16666666666667
802,262.57500000000005,-76.16666666666667
803,262.6625,-76.18333333333334
804,262.75,-76.21666666666667
805,262.82500000000005,-76.23333333333335
806,262.88750000000005,-76.26666666666667
807,262.95000000000005,-76.31666666666666
808,263.0,-76.35000000000001
809,263.05,-76.4
810,263.07500000000005,-76.45
811,263.1,-76.51666666666667
812,263.1125,-76.56666666666666
813,263.1125,-76.63333333333334
814,263.1125,-76.68333333333334
815,263.1,-76.75
816,263.07500000000005,-76.80000000000001
817,263.0375,-76.85000000000001
818,263.0,-76.9
819,262.95000000000005,-76.93333333333334
820,262.925,-76.96666666666667
821,262.9,-77.0
822,262.875,-77.01666666666667
823,262.8625,-77.01666666666667
824,262.8375,-77.01666666666667
825,262.82500000000005,-77.01666666666667
826,262.8,-77.01666666666667
827,262.775,-77.01666666666667
828,262.75,-77.01666666666667
829,262.7375,-77.03333333333335
830,262.7125,-77.03333333333335
831,262.6875,-77.03333333333335
832,262.675,-77.03333333333335
833,262.65,-77.03333333333335
834,262.63750000000005,-77.03333333333335
835,262.625,-77.03333333333335
836,262.6125,-77.03333333333335
837,262.5875,-77.03333333333335
838,262.57500000000005,-77.05000000000001
839,262.5625,-77.05000000000001
840,262.55,-77.05000000000001
841,262.5375,-77.05000000000001
842,262.5375,-77.05000000000001
843,262.525,-77.05000000000001
844,262.51250000000005,-77.05000000000001
845,262.5,-77.05000000000001
846,262.5,-77.05000000000001
847,262.4875,-77.05000000000001
848,262.4875,-77.05000000000001
849,262.475,-77.05000000000001
850,262.475,-77.05000000000001
851,262.4625,-77.05000000000001
852,262.4625,-77.05000000000001
853,262.4625,-77.05000000000001
854,262.45000000000005,-77.05000000000001
855,262.45000000000005,-77.05000000000001
856,262.45000000000005,-77.05000000000001
857,262.45000000000005,-77.05000000000001
858,262.4375,-77.06666666666666
859,262.4375,-77.06666666666666
860,262.4375,-77.06666666666666
861,262.4375,-77.06666666666666
862,262.4375,-77.06666666666666
863,262.4375,-77.06666666666666
864,262.4375,-77.06666666666666
865,262.4375,-77.06666666666666
866,262.4375,-77.06666666666666
867,262.4375,-77.06666666666666
868,262.4375,-77.06666666666666
869,262.4375,-77.06666666666666
870,262.4375,-77.06666666666666
871,262.4375,-77.06666666666666
872,262.4375,-77.06666666666666
873,262.4375,-77.06666666666666
874,262.4375,-77.06666666666666
875,262.4375,-77.06666666666666
876,262.4375,-77.06666666666666
877,262.4375,-77.06666666666666
878,262.4375,-77.06666666666666
879,262.4375,-77.06666666666666
880,262.4375,-77.06666666666666
881,262.4375,-77.06666666666666
882,262.4375,-77.06666666666666
883,262.4375,-77.06666666666666
884,262.4375,-77.06666666666666
885,262.4375,-77.06666666666666
886,262.4375,-77.06666666666666
887,262.4375,-77.06666666666666
888,262.4375,-77.06666666666666
889,262.4375,-77.06666666666666
890,262.4375,-77.06666666666666
891,262.4375,-77.06666666666666
892,262.4375,-77.06666666666666
893,262.4375,-77.06666666666666
894,262.4375,-77.06666666666666
895,262.4375,-77.06666666666666
896,262.4375,-77.06666666666666
897,262.4375,-77.06666666666666
898,262.4375,-77.06666666666666
899,262.4375,-77.06666666666666
900,262.4375,-77.06666666666666
901,262.4375,-77.06666666666666
902,262.4375,-77.06666666666666
903,262.4375,-77.06666666666666
904,262.4375,-77.06666666666666
905,262.4375,-77.06666666666666
906,262.4375,-77.06666666666666
907,262.4375,-77.06666666666666
908,262.4375,-77.06666666666666
909,262.4375,-77.06666666666666
910,262.4375,-77.06666666666666
911,262.4375,-77.06666666666666
912,262.4375,-77.06666666666666
913,262.4375,-77.06666666666666
914,262.4375,-77.06666666666666
915,262.4375,-77.06666666666666
916,262.4375,-77.06666666666666
917,262.4375,-77.06666666666666
918,262.4375,-77.06666666666666
919,262.4375,-77.06666666666666
920,262.4375,-77.06666666666666
921,262.4375,-77.06666666666666
922,262.4375,-77.06666666666666
923,262.4375,-77.06666666666666
924,262.4375,-77.06666666666666
925,262.4375,-77.06666666666666
926,262.4375,-77.06666666666666
927,262.4375,-77.06666666666666
928,262.4375,-77.06666666666666
929,262.4375,-77.06666666666666
930,262.4375,-77.06666666666666
931,262.4375,-77.06666666666666
932,262.4375,-77.06666666666666
933,262.4375,-77.06666666666666
934,262.4375,-77.06666666666666
935,262.4375,-77.06666666666666
936,262.4375,-77.06666666666666
937,262.4375,-77.06666666666666
938,262.4375,-77.06666666666666
939,262.4375,-77.06666666666666
940,262.425,-77.06666666666666
941,262.425,-77.06666666666666
942,262.4125,-77.06666666666666
943,262.4,-77.06666666666666
944,262.38750000000005,-77.06666666666666
945,262.35,-77.06666666666666
946,262.32500000000005,-77.08333333333334
947,262.275,-77.08333333333334
948,262.225,-77.10000000000001
949,262.15,-77.11666666666667
950,262.0875,-77.13333333333334
951,262.0,-77.13333333333334
952,261.9125,-77.15
953,261.8125,-77.18333333333334
954,261.7125,-77.2
955,261.6,-77.21666666666667
956,261.4875,-77.25
957,261.3625,-77.28333333333335
958,261.2375,-77.31666666666666
959,261.1,-77.35000000000001
960,260.9625,-77.38333333333334
961,260.82500000000005,-77.43333333333334
962,260.6875,-77.46666666666667
963,260.55,-77.51666666666667
964,260.4125,-77.58333333333334
965,260.275,-77.63333333333334
966,260.13750000000005,-77.68333333333334
967,259.9875,-77.75
968,259.8375,-77.81666666666666
969,259.675,-77.9
970,259.525,-77.96666666666667
971,259.3625,-78.05000000000001
972,259.20000000000005,-78.13333333333334
973,259.025,-78.23333333333335
974,258.8625,-78.31666666666666
975,258.6875,-78.41666666666667
976,258.51250000000005,-78.51666666666667
977,258.32500000000005,-78.63333333333334
978,258.15,-78.73333333333335
979,257.9625,-78.85000000000001
980,257.775,-78.98333333333335
981,257.6,-79.10000000000001
982,257.4125,-79.23333333333335
983,257.225,-79.38333333333334
984,257.0375,-79.51666666666667
985,256.85,-79.66666666666667
986,256.6625,-79.83333333333334
987,256.475,-80.0
988,256.3,-80.16666666666667
989,256.1125,-80.33333333333334
990,255.9375,-80.51666666666667
991,255.775,-80.7
992,255.60000000000002,-80.9
993,255.4375,-81.10000000000001
994,255.275,-81.30000000000001
995,255.1125,-81.51666666666667
996,254.9625,-81.73333333333335
997,254.8125,-81.95
998,254.675,-82.16666666666667
999,254.53750000000002,-82.4
1000,254.4,-82.63333333333334
1001,254.26250000000002,-82.86666666666667
1002,254.13750000000002,-83.10000000000001
1003,254.01250000000002,-83.35000000000001
1004,253.88750000000002,-83.58333333333334
1005,253.775,-83.83333333333334
1006,253.65,-84.08333333333334
1007,253.53750000000002,-84.33333333333334
1008,253.425,-84.58333333333334
1009,253.3125,-84.85000000000001
1010,253.20000000000002,-85.10000000000001
1011,253.10000000000002,-85.36666666666667
1012,252.97500000000002,-85.61666666666667
1013,252.8625,-85.86666666666667
1014,252.72500000000002,-86.11666666666667
1015,252.5875,-86.36666666666667
1016,252.4375,-86.60000000000001
1017,252.275,-86.83333333333334
1018,252.1125,-87.05000000000001
1019,251.9375,-87.26666666666667
1020,251.76250000000002,-87.48333333333335
1021,251.57500000000002,-87.68333333333334
1022,251.375,-87.86666666666667
1023,251.16250000000002,-88.06666666666666
1024,250.95000000000002,-88.25
1025,250.72500000000002,-88.43333333333334
1026,250.4875,-88.60000000000001
1027,250.2375,-88.76666666666667
1028,249.9875,-88.93333333333334
1029,249.72500000000002,-89.08333333333334
1030,249.4625,-89.21666666666667
1031,249.175,-89.35000000000001
1032,248.88750000000002,-89.46666666666667
1033,248.60000000000002,-89.58333333333334
1034,248.3,-89.68333333333334
1035,247.9875,-89.76666666666667
1036,247.66250000000002,-89.85000000000001
1037,247.3375,-89.9
1038,247.01250000000002,-89.95
1039,246.7375,-89.91666666666667
1040,246.51250000000002,-89.81666666666666
1041,246.28750000000002,-89.73333333333335
1042,246.05,-89.65
1043,245.8,-89.56666666666666
1044,245.53750000000002,-89.48333333333335
1045,245.275,-89.4
1046,245.0,-89.30000000000001
1047,244.7375,-89.18333333333334
1048,244.4875,-89.06666666666666
1049,244.22500000000002,-88.91666666666667
1050,243.97500000000002,-88.76666666666667
1051,243.7375,-88.58333333333334
1052,243.5,-88.4
1053,243.275,-88.2
1054,243.05,-88.0
1055,242.8375,-87.78333333333335
1056,242.63750000000002,-87.55000000000001
1057,242.4375,-87.30000000000001
1058,242.25,-87.05000000000001
1059,242.0625,-86.80000000000001
1060,241.88750000000002,-86.53333333333335
1061,241.7125,-86.25
1062,241.55,-85.96666666666667
1063,241.4,-85.68333333333334
1064,241.2375,-85.38333333333334
1065,241.0875,-85.08333333333334
1066,240.925,-84.76666666666667
1067,240.76250000000002,-84.46666666666667
1068,240.5875,-84.16666666666667
1069,240.425,-83.85000000000001
1070,240.25,-83.55000000000001
1071,240.07500000000002,-83.25
1072,239.9,-82.93333333333334
1073,239.7125,-82.63333333333334
1074,239.53750000000002,-82.31666666666666
1075,239.3625,-82.01666666666667
1076,239.175,-81.71666666666667
1077,239.0,-81.4
1078,238.8125,-81.10000000000001
1079,238.63750000000002,-80.80000000000001
1080,238.4625,-80.48333333333335
1081,238.275,-80.18333333333334
1082,238.10000000000002,-79.88333333333334
1083,237.925,-79.56666666666666
1084,237.7375,-79.26666666666667
1085,237.5625,-78.96666666666667
1086,237.38750000000002,-78.66666666666667
1087,237.2125,-78.36666666666667
1088,237.025,-78.06666666666666
1089,236.85000000000002,-77.76666666666667
1090,236.66250000000002,-77.45
1091,236.4875,-77.15
1092,236.3,-76.85000000000001
1093,236.1125,-76.53333333333335
1094,235.9375,-76.23333333333335
1095,235.75,-75.91666666666667
1096,235.5625,-75.60000000000001
1097,235.375,-75.28333333333335
1098,235.1875,-74.96666666666667
1099,234.9875,-74.65
1100,234.8,-74.35000000000001
1101,234.6125,-74.03333333333335
1102,234.425,-73.71666666666667
1103,234.2375,-73.4
1104,234.05,-73.08333333333334
1105,233.8625,-72.76666666666667
1106,233.675,-72.45
1107,233.4875,-72.13333333333334
1108,233.28750000000002,-71.81666666666666
1109,233.10000000000002,-71.48333333333335
1110,232.91250000000002,-71.16666666666667
1111,232.7125,-70.85000000000001
1112,232.525,-70.51666666666667
1113,232.3375,-70.2
1114,232.13750000000002,-69.88333333333334
1115,231.95000000000002,-69.55000000000001
1116,231.76250000000002,-69.23333333333335
1117,231.57500000000002,-68.9
1118,231.38750000000002,-68.56666666666666
1119,231.20000000000002,-68.23333333333333
1120,231.01250000000002,-67.9
1121,230.82500000000002,-67.56666666666666
1122,230.63750000000002,-67.21666666666667
1123,230.45000000000002,-66.88333333333334
1124,230.26250000000002,-66.53333333333335
1125,230.0875,-66.18333333333334
1126,229.9,-65.83333333333334
1127,229.7125,-65.46666666666667
1128,229.525,-65.10000000000001
1129,229.3375,-64.71666666666667
1130,229.15,-64.33333333333334
1131,228.9625,-63.95
1132,228.775,-63.55
1133,228.60000000000002,-63.13333333333334
1134,228.41250000000002,-62.733333333333334
1135,228.22500000000002,-62.33333333333334
1136,228.03750000000002,-61.91666666666667
1137,227.8375,-61.516666666666666
1138,227.63750000000002,-61.11666666666666
1139,227.4375,-60.71666666666667
1140,227.22500000000002,-60.3
1141,227.01250000000002,-59.900000000000006
1142,226.775,-59.5
1143,226.53750000000002,-59.10000000000001
1144,226.3,-58.68333333333334
1145,226.05,-58.283333333333346
1146,225.8,-57.86666666666666
1147,225.53750000000002,-57.46666666666667
1148,225.26250000000002,-57.06666666666666
1149,224.97500000000002,-56.650000000000006
1150,224.6875,-56.25
1151,224.4,-55.85
1152,224.0875,-55.43333333333334
1153,223.775,-55.03333333333334
1154,223.45000000000002,-54.61666666666667
1155,223.1125,-54.21666666666667
1156,222.76250000000002,-53.81666666666666
1157,222.4,-53.400000000000006
1158,222.03750000000002,-53.0
1159,221.66250000000002,-52.61666666666667
1160,221.275,-52.21666666666667
1161,220.875,-51.81666666666666
1162,220.47500000000002,-51.43333333333334
1163,220.05,-51.050000000000004
1164,219.625,-50.666666666666664
1165,219.1875,-50.28333333333334
1166,218.7375,-49.900000000000006
1167,218.28750000000002,-49.53333333333334
1168,217.8125,-49.166666666666664
1169,217.3375,-48.81666666666666
1170,216.85000000000002,-48.46666666666667
1171,216.3375,-48.11666666666667
1172,215.82500000000002,-47.78333333333334
1173,215.3,-47.46666666666667
1174,214.76250000000002,-47.150000000000006
1175,214.22500000000002,-46.85
1176,213.66250000000002,-46.550000000000004
1177,213.10000000000002,-46.28333333333334
1178,212.525,-46.0
1179,211.9375,-45.75
1180,211.32500000000002,-45.5
1181,210.7125,-45.266666666666666
1182,210.10000000000002,-45.03333333333334
1183,209.47500000000002,-44.83333333333334
1184,208.8375,-44.63333333333334
1185,208.20000000000002,-44.45
1186,207.55,-44.266666666666666
1187,206.88750000000002,-44.11666666666667
1188,206.2125,-43.96666666666667
1189,205.53750000000002,-43.83333333333334
1190,204.85000000000002,-43.71666666666667
1191,204.16250000000002,-43.61666666666667
1192,203.4625,-43.53333333333334
1193,202.76250000000002,-43.45
1194,202.05,-43.36666666666667
1195,201.32500000000002,-43.300000000000004
1196,200.60000000000002,-43.25
1197,199.875,-43.2
1198,199.13750000000002,-43.150000000000006
1199,198.38750000000002,-43.1
1200,197.63750000000002,-43.06666666666667
1201,196.88750000000002,-43.01666666666667
1202,196.125,-42.96666666666667
1203,195.3625,-42.91666666666667
1204,194.5875,-42.866666666666674
1205,193.8125,-42.81666666666667
1206,193.025,-42.75
1207,192.2375,-42.7
1208,191.4375,-42.650000000000006
1209,190.625,-42.583333333333336
1210,189.8125,-42.51666666666667
1211,188.9875,-42.46666666666667
1212,188.13750000000002,-42.400000000000006
1213,187.28750000000002,-42.333333333333336
1214,186.41250000000002,-42.26666666666667
1215,185.525,-42.2
1216,184.625,-42.13333333333333
1217,183.7125,-42.050000000000004
1218,182.775,-41.983333333333334
1219,181.8375,-41.900000000000006
1220,180.8625,-41.833333333333336
1221,179.88750000000002,-41.75
1222,178.9,-41.68333333333334
1223,177.88750000000002,-41.6
1224,176.8625,-41.51666666666667
1225,175.82500000000002,-41.43333333333334
1226,174.775,-41.366666666666674
1227,173.70000000000002,-41.28333333333333
1228,172.6125,-41.18333333333334
1229,171.51250000000002,-41.1
1230,170.4,-41.01666666666667
1231,169.275,-40.91666666666667
1232,168.125,-40.833333333333336
1233,166.97500000000002,-40.733333333333334
1234,165.8,-40.63333333333333
1235,164.60000000000002,-40.51666666666667
1236,163.4,-40.41666666666667
1237,162.175,-40.300000000000004
1238,160.9375,-40.16666666666667
1239,159.6875,-40.050000000000004
1240,158.425,-39.91666666666667
1241,157.15,-39.78333333333333
1242,155.88750000000002,-39.63333333333333
1243,154.6125,-39.5
1244,153.32500000000002,-39.35
1245,152.025,-39.2
1246,150.70000000000002,-39.03333333333333
1247,149.375,-38.866666666666674
1248,148.025,-38.7
1249,146.675,-38.51666666666667
1250,145.3,-38.333333333333336
1251,143.925,-38.150000000000006
1252,142.525,-37.95
1253,141.125,-37.75
1254,139.7125,-37.550000000000004
1255,138.28750000000002,-37.31666666666667
1256,136.85000000000002,-37.1
1257,135.41250000000002,-36.85
1258,133.95,-36.616666666666674
1259,132.5,-36.35
1260,131.025,-36.083333333333336
1261,129.55,-35.800000000000004
1262,128.0625,-35.5
1263,126.575,-35.2
1264,125.075,-34.88333333333333
1265,123.5625,-34.550000000000004
1266,122.05000000000001,-34.21666666666667
1267,120.525,-33.85
1268,119.0,-33.5
1269,117.4625,-33.116666666666674
1270,115.9375,-32.733333333333334
1271,114.4,-32.333333333333336
1272,112.875,-31.91666666666667
1273,111.35000000000001,-31.516666666666673
1274,109.85000000000001,-31.083333333333336
1275,108.35000000000001,-30.650000000000006
1276,106.875,-30.21666666666667
1277,105.41250000000001,-29.75
1278,103.97500000000001,-29.300000000000004
1279,102.53750000000001,-28.81666666666667
1280,101.1375,-28.333333333333336
1281,99.73750000000001,-27.85
1282,98.36250000000001,-27.333333333333336
1283,97.0125,-26.81666666666667
1284,95.67500000000001,-26.28333333333333
1285,94.36250000000001,-25.75
1286,93.0625,-25.21666666666667
1287,91.775,-24.65
1288,90.5,-24.06666666666667
1289,89.22500000000001,-23.46666666666667
1290,87.95,-22.85
1291,86.6875,-22.21666666666667
1292,85.425,-21.55
1293,84.175,-20.86666666666667
1294,82.9375,-20.16666666666667
1295,81.7,-19.450000000000003
1296,80.4625,-18.700000000000003
1297,79.2375,-17.950000000000003
1298,78.025,-17.166666666666668
1299,76.825,-16.35
1300,75.625,-15.533333333333335
1301,74.42500000000001,-14.683333333333337
1302,73.23750000000001,-13.8
1303,72.0625,-12.900000000000002
1304,70.8875,-11.966666666666669
1305,69.73750000000001,-11.016666666666666
1306,68.5875,-10.033333333333335
1307,67.45,-9.033333333333335
1308,66.3375,-8.016666666666666
1309,65.23750000000001,-6.966666666666667
1310,64.15,-5.9
1311,63.0625,-4.7666666666666675
1312,62.0375,-3.6833333333333336
1313,61.0125,-2.5500000000000007
1314,60.0125,-1.3833333333333329
1315,59.025000000000006,-0.20000000000000107
1316,58.050000000000004,1.0
1317,57.1,2.216666666666666
1318,56.175000000000004,3.466666666666666
1319,55.275000000000006,4.733333333333333
1320,54.3875,6.016666666666667
1321,53.525000000000006,7.333333333333333
1322,52.675000000000004,8.666666666666666
1323,51.862500000000004,10.016666666666667
1324,51.0625,11.383333333333333
1325,50.275000000000006,12.783333333333335
1326,49.525000000000006,14.2
1327,48.7875,15.633333333333333
1328,48.0875,17.083333333333336
1329,47.4125,18.56666666666667
1330,46.7625,20.03333333333333
1331,46.1375,21.516666666666666
1332,45.550000000000004,23.033333333333335
1333,44.975,24.55
1334,44.4375,26.083333333333336
1335,43.9125,27.633333333333336
1336,43.425000000000004,29.200000000000003
1337,42.962500000000006,30.766666666666666
1338,42.5125,32.36666666666667
1339,42.1,33.96666666666667
1340,41.7,35.58333333333333
1341,41.325,37.2
1342,40.962500000000006,38.85
1343,40.625,40.5
1344,40.3,42.15
1345,39.9875,43.81666666666667
1346,39.7,45.5
1347,39.4375,47.2
1348,39.1875,48.900000000000006
1349,38.95,50.6
1350,38.725,52.333333333333336
1351,38.5125,54.06666666666667
1352,38.325,55.81666666666667
1353,38.1375,57.56666666666667
1354,37.962500000000006,59.35
1355,37.8,61.13333333333334
1356,37.650000000000006,62.95
1357,37.5,64.76666666666667
1358,37.3625,66.58333333333334
1359,37.225,68.43333333333334
1360,37.1,70.28333333333333
1361,36.962500000000006,72.15
1362,36.85,74.03333333333335
1363,36.725,75.93333333333334
1364,36.6125,77.83333333333334
1365,36.5,79.75
1366,36.400000000000006,81.68333333333334
1367,36.3,83.63333333333334
1368,36.212500000000006,85.58333333333334
1369,36.125,87.55000000000001
1370,36.0375,89.53333333333335
1371,35.962500000000006,91.51666666666667
1372,35.900000000000006,93.53333333333335
1373,35.837500000000006,95.55000000000001
1374,35.7875,97.58333333333334
1375,35.7375,99.61666666666667
1376,35.7,101.66666666666667
1377,35.6625,103.73333333333335
1378,35.650000000000006,105.81666666666666
1379,35.625,107.91666666666667
1380,35.6125,110.01666666666667
1381,35.6125,112.11666666666667
1382,35.6125,114.25
1383,35.625,116.38333333333333
1384,35.650000000000006,118.53333333333333
1385,35.6625,120.68333333333334
1386,35.7,122.85000000000001
1387,35.725,125.03333333333333
1388,35.7625,127.21666666666668
1389,35.8125,129.41666666666669
1390,35.8625,131.60000000000002
1391,35.9125,133.78333333333333
1392,35.962500000000006,135.98333333333335
1393,36.0125,138.20000000000002
1394,36.075,140.41666666666669
1395,36.1375,142.65
1396,36.212500000000006,144.9
1397,36.2875,147.13333333333333
1398,36.3625,149.4
1399,36.4375,151.66666666666669
1400,36.525000000000006,153.93333333333334
1401,36.625,156.21666666666667
1402,36.725,158.51666666666668
1403,36.837500000000006,160.8166666666667
1404,36.95,163.11666666666667
1405,37.075,165.43333333333334
1406,37.212500000000006,167.75
1407,37.35,170.08333333333334
1408,37.5,172.43333333333334
1409,37.6625,174.78333333333333
1410,37.8125,177.13333333333333
1411,37.975,179.5
1412,38.1375,181.88333333333333
1413,38.3,184.26666666666668
1414,38.462500000000006,186.66666666666669
1415,38.6125,189.0666666666667
1416,38.775000000000006,191.4666666666667
1417,38.95,193.88333333333333
1418,39.125,196.3166666666667
1419,39.325,198.75
1420,39.5375,201.18333333333334
1421,39.7625,203.63333333333333
1422,40.0125,206.08333333333334
1423,40.2875,208.53333333333333
1424,40.5625,211.0
1425,40.875,213.46666666666667
1426,41.1875,215.93333333333337
1427,41.525000000000006,218.41666666666666
1428,41.875,220.9
1429,42.25,223.38333333333335
1430,42.625,225.88333333333335
1431,43.025,228.38333333333335
1432,43.4375,230.9
1433,43.875,233.4
1434,44.3125,235.91666666666666
1435,44.7875,238.43333333333337
1436,45.275,240.96666666666667
1437,45.775,243.5
1438,46.300000000000004,246.01666666666665
1439,46.85,248.55
1440,47.4,251.10000000000002
1441,47.975,253.63333333333335
1442,48.575,256.1833333333334
1443,49.175000000000004,258.73333333333335
1444,49.7875,261.3
1445,50.4125,263.85
1446,51.0375,266.4166666666667
1447,51.675000000000004,269.0
1448,52.325,271.58333333333337
1449,52.975,274.1666666666667
1450,53.6375,276.75
1451,54.3125,279.35
1452,55.0,281.95
1453,55.6875,284.56666666666666
1454,56.3875,287.1666666666667
1455,57.087500000000006,289.78333333333336
1456,57.800000000000004,292.4166666666667
1457,58.5125,295.05
1458,59.237500000000004,297.6666666666667
1459,59.962500000000006,300.28333333333336
1460,60.6875,302.90000000000003
1461,61.4125,305.53333333333336
1462,62.1375,308.1666666666667
1463,62.875,310.8
1464,63.6,313.45
1465,64.325,316.1
1466,65.05000000000001,318.76666666666665
1467,65.775,321.4333333333334
1468,66.5,324.1
1469,67.225,326.78333333333336
1470,67.95,329.48333333333335
1471,68.6625,332.15000000000003
1472,69.375,334.85
1473,70.0875,337.56666666666666
1474,70.80000000000001,340.26666666666665
1475,71.5125,342.98333333333335
1476,72.225,345.70000000000005
1477,72.9375,348.40000000000003
1478,73.625,351.06666666666666
1479,74.3125,353.70000000000005
1480,75.0,356.3
1481,75.675,358.8666666666667
1482,76.3375,361.3833333333334
1483,77.0,363.8666666666667
1484,77.65,366.31666666666666
1485,78.28750000000001,368.7166666666667
1486,78.925,371.08333333333337
1487,79.55,373.40000000000003
1488,80.16250000000001,375.70000000000005
1489,80.775,377.95000000000005
1490,81.3875,380.1666666666667
1491,81.9875,382.3666666666667
1492,82.5875,384.51666666666665
1493,83.16250000000001,386.6333333333334
1494,83.7375,388.7166666666667
1495,84.28750000000001,390.75
1496,84.8375,392.75
1497,85.375,394.7166666666667
1498,85.9,396.65000000000003
1499,86.41250000000001,398.55
1500,86.91250000000001,400.4166666666667
1501,87.41250000000001,402.25
1502,87.8875,404.05
1503,88.36250000000001,405.81666666666666
1504,88.825,407.55
1505,89.275,409.25
1506,89.7125,410.9166666666667
1507,90.1375,412.55
1508,90.55000000000001,414.1666666666667
1509,90.95,415.78333333333336
1510,91.325,417.3833333333334
1511,91.6875,418.98333333333335
1512,92.025,420.5666666666667
1513,92.3375,422.15000000000003
1514,92.61250000000001,423.73333333333335
1515,92.875,425.3
1516,93.10000000000001,426.86666666666673
1517,93.30000000000001,428.45000000000005
1518,93.4625,430.0166666666667
1519,93.60000000000001,431.5666666666667
1520,93.7125,433.11666666666673
1521,93.80000000000001,434.6333333333333
1522,93.85000000000001,436.1333333333333
1523,93.875,437.6333333333333
1524,93.875,439.0833333333333
1525,93.8375,440.55
1526,93.775,442.0
1527,93.6875,443.45000000000005
1528,93.5625,444.8833333333333
1529,93.4,446.3166666666667
1530,93.2125,447.75
1531,93.0,449.16666666666674
1532,92.75,450.5833333333333
1533,92.47500000000001,451.98333333333335
1534,92.17500000000001,453.36666666666673
1535,91.85000000000001,454.73333333333335
1536,91.48750000000001,456.0666666666667
1537,91.125,457.3833333333333
1538,90.73750000000001,458.65000000000003
1539,90.3375,459.90000000000003
1540,89.9375,461.1
1541,89.5125,462.2833333333333
1542,89.075,463.41666666666674
1543,88.6375,464.5166666666667
1544,88.1875,465.5833333333333
1545,87.7375,466.61666666666673
1546,87.275,467.61666666666673
1547,86.8125,468.5833333333333
1548,86.3375,469.5166666666667
1549,85.8625,470.40000000000003
1550,85.375,471.2666666666667
1551,84.8875,472.11666666666673
1552,84.375,472.93333333333334
1553,83.8375,473.75
1554,83.28750000000001,474.5333333333333
1555,82.72500000000001,475.3166666666667
1556,82.1375,476.0666666666667
1557,81.525,476.8
1558,80.9,477.5333333333333
1559,80.2625,478.23333333333335
1560,79.60000000000001,478.91666666666674
1561,78.925,479.5833333333333
1562,78.2375,480.23333333333335
1563,77.5125,480.86666666666673
1564,76.775,481.48333333333335
1565,76.025,482.1
1566,75.25,482.70000000000005
1567,74.525,483.23333333333335
1568,73.6375,483.85
1569,72.80000000000001,484.40000000000003
1570,71.95,484.93333333333334
1571,71.0875,485.45000000000005
1572,70.2,485.9666666666667
1573,69.30000000000001,486.4666666666667
1574,68.375,486.93333333333334
1575,67.45,487.40000000000003
1576,66.5125,487.85
1577,65.575,488.2666666666667
1578,64.625,488.68333333333334
1579,63.6625,489.0666666666667
1580,62.6875,489.43333333333334
1581,61.6875,489.7833333333333
1582,60.675000000000004,490.11666666666673
1583,59.650000000000006,490.43333333333334
1584,58.6,490.7166666666667
1585,57.6625,490.9666666666667
1586,56.3875,491.2666666666667
1587,55.462500000000006,491.4666666666667
1588,54.275000000000006,491.70000000000005
1589,53.150000000000006,491.91666666666674
1590,52.0,492.1
1591,50.85,492.2833333333333
1592,49.675000000000004,492.45000000000005
1593,48.475,492.6
1594,47.2625,492.75
1595,46.025,492.8833333333333
1596,44.775,493.0166666666667
1597,43.5125,493.1333333333333
1598,42.225,493.23333333333335
1599,40.925,493.35
1600,39.6,493.43333333333334
1601,38.25,493.5166666666667
1602,36.900000000000006,493.6
1603,35.525000000000006,493.68333333333334
1604,34.1375,493.75
1605,32.7375,493.8
1606,31.3,493.85
1607,29.8625,493.90000000000003
1608,28.4125,493.93333333333334
1609,26.9375,493.9666666666667
1610,25.450000000000003,493.98333333333335
1611,23.9375,494.0
1612,22.425,494.0
1613,20.887500000000003,494.0
1614,19.325000000000003,493.98333333333335
1615,17.7625,493.9666666666667
1616,16.175,493.93333333333334
1617,14.5875,493.8833333333333
1618,13.0125,493.8166666666667
1619,11.4125,493.75
1620,9.8125,493.66666666666674
1621,8.2,493.5833333333333
1622,6.575,493.48333333333335
1623,4.9375,493.36666666666673
1624,3.2874999999999996,493.25
1625,1.625,493.11666666666673
1626,-0.03750000000000142,492.98333333333335
1627,-1.7250000000000014,492.8333333333333
1628,-3.4250000000000007,492.66666666666674
1629,-5.125,492.5
1630,-6.837500000000002,492.3333333333333
1631,-8.5625,492.1333333333333
1632,-10.3,491.95000000000005
1633,-12.05,491.75
1634,-13.8125,491.5333333333333
1635,-15.587500000000002,491.3166666666667
1636,-17.3625,491.0833333333333
1637,-19.150000000000002,490.8333333333333
1638,-20.962500000000002,490.5833333333333
1639,-22.762500000000003,490.3166666666667
1640,-24.5875,490.05
1641,-26.4125,489.75
1642,-28.262500000000003,489.45000000000005
1643,-30.112500000000004,489.1333333333333
1644,-31.962500000000006,488.8166666666667
1645,-33.837500000000006,488.48333333333335
1646,-35.712500000000006,488.1333333333333
1647,-37.6,487.7833333333333
1648,-39.5,487.41666666666674
1649,-41.4125,487.05
1650,-43.325,486.66666666666674
1651,-45.25,486.2833333333333
1652,-47.1875,485.8833333333333
1653,-49.1375,485.48333333333335
1654,-51.087500000000006,485.0833333333333
1655,-53.0625,484.68333333333334
1656,-55.03750000000001,484.2666666666667
1657,-57.025000000000006,483.86666666666673
1658,-59.025000000000006,483.45000000000005
1659,-61.025000000000006,483.0333333333333
1660,-63.05,482.61666666666673
1661,-65.075,482.18333333333334
1662,-67.11250000000001,481.7666666666667
1663,-69.16250000000001,481.35
1664,-71.22500000000001,480.93333333333334
1665,-73.30000000000001,480.5166666666667
1666,-75.3875,480.1
1667,-77.47500000000001,479.68333333333334
1668,-79.575,479.2666666666667
1669,-81.7,478.85
1670,-83.825,478.43333333333334
1671,-85.95,478.0166666666667
1672,-88.0875,477.6
1673,-90.23750000000001,477.16666666666674
1674,-92.4,476.73333333333335
1675,-94.5625,476.3
1676,-96.73750000000001,475.85
1677,-98.92500000000001,475.41666666666674
1678,-101.10000000000001,474.9666666666667
1679,-103.275,474.5166666666667
1680,-105.4625,474.0666666666667
1681,-107.65,473.61666666666673
1682,-109.85000000000001,473.15000000000003
1683,-112.0625,472.70000000000005
1684,-114.28750000000001,472.25
1685,-116.5,471.8
1686,-118.725,471.35
1687,-120.975,470.90000000000003
1688,-123.225,470.4666666666667
1689,-125.475,470.0166666666667
1690,-127.76250000000002,469.5833333333333
1691,-130.025,469.15000000000003
1692,-132.3,468.7166666666667
1693,-134.6,468.3
1694,-136.9,467.8833333333333
1695,-139.2125,467.4666666666667
1696,-141.5375,467.0666666666667
1697,-143.8625,466.66666666666674
1698,-146.20000000000002,466.2666666666667
1699,-148.55,465.8833333333333
1700,-150.91250000000002,465.5
1701,-153.275,465.11666666666673
1702,-155.65,464.75
1703,-158.025,464.36666666666673
1704,-160.41250000000002,464.0
1705,-162.8125,463.6333333333333
1706,-165.2125,463.25
1707,-167.625,462.8833333333333
1708,-170.05,462.5
1709,-172.47500000000002,462.11666666666673
1710,-174.91250000000002,461.73333333333335
1711,-177.375,461.35
1712,-179.8125,460.9666666666667
1713,-182.26250000000002,460.5833333333333
1714,-184.72500000000002,460.20000000000005
1715,-187.20000000000002,459.8166666666667
1716,-189.675,459.43333333333334
1717,-192.16250000000002,459.05
1718,-194.65,458.66666666666674
1719,-197.16250000000002,458.2833333333333
1720,-199.66250000000002,457.90000000000003
1721,-202.1875,457.5333333333333
1722,-204.7125,457.16666666666674
1723,-207.25,456.8
1724,-209.78750000000002,456.43333333333334
1725,-212.3375,456.0666666666667
1726,-214.9,455.70000000000005
1727,-217.4625,455.35
1728,-220.03750000000002,454.98333333333335
1729,-222.60000000000002,454.6333333333333
1730,-225.15,454.2833333333333
1731,-227.66250000000002,453.93333333333334
1732,-230.125,453.6
1733,-232.57500000000002,453.25
1734,-234.97500000000002,452.91666666666674
1735,-237.3375,452.5666666666667
1736,-239.66250000000002,452.23333333333335
1737,-241.95000000000002,451.90000000000003
1738,-244.20000000000002,451.5666666666667
1739,-246.40000000000003,451.23333333333335
1740,-248.575,450.90000000000003
1741,-250.7,450.5666666666667
1742,-252.78750000000002,450.23333333333335
1743,-254.85000000000002,449.90000000000003
1744,-256.8875,449.5666666666667
1745,-258.875,449.23333333333335
1746,-260.83750000000003,448.91666666666674
1747,-262.77500000000003,448.5833333333333
1748,-264.6625,448.25
1749,-266.52500000000003,447.91666666666674
1750,-268.35,447.6
1751,-270.1375,447.25
1752,-271.8875,446.91666666666674
1753,-273.625,446.5666666666667
1754,-275.3125,446.20000000000005
1755,-276.9875,445.8333333333333
1756,-278.625,445.4666666666667
1757,-280.225,445.0833333333333
1758,-281.8,444.68333333333334
1759,-283.35,444.2666666666667
1760,-284.8875,443.8333333333333
1761,-286.40000000000003,443.36666666666673
1762,-287.9125,442.86666666666673
1763,-289.4125,442.35
1764,-290.90000000000003,441.8
1765,-292.375,441.2166666666667
1766,-293.83750000000003,440.61666666666673
1767,-295.27500000000003,439.98333333333335
1768,-296.71250000000003,439.3333333333333
1769,-298.1125,438.65000000000003
1770,-299.51250000000005,437.93333333333334
1771,-300.88750000000005,437.18333333333334
1772,-302.2375,436.41666666666674
1773,-303.5625,435.6
1774,-304.8625,434.7666666666667
1775,-306.13750000000005,433.8833333333333
1776,-307.375,432.98333333333335
1777,-308.6,432.0333333333333
1778,-309.77500000000003,431.0666666666667
1779,-310.9375,430.0666666666667
1780,-312.07500000000005,429.0166666666667
1781,-313.1875,427.95000000000005
1782,-314.2875,426.85
1783,-315.375,425.7166666666667
1784,-316.4375,424.55
1785,-317.475,423.36666666666673
1786,-318.5,422.15000000000003
1787,-319.4875,420.91666666666674
1788,-320.46250000000003,419.65000000000003
1789,-321.4375,418.35
1790,-322.3625,417.06666666666666
1791,-323.27500000000003,415.73333333333335
1792,-324.1875,414.3666666666667
1793,-325.07500000000005,412.98333333333335
1794,-325.95000000000005,411.56666666666666
1795,-326.8125,410.1333333333334
1796,-327.6625,408.6833333333334
1797,-328.51250000000005,407.2166666666667
1798,-329.3625,405.73333333333335
1799,-330.225,404.25
1800,-331.08750000000003,402.73333333333335
1801,-331.96250000000003,401.2166666666667
1802,-332.83750000000003,399.70000000000005
1803,-333.725,398.15000000000003
1804,-334.6125,396.6
1805,-335.4875,395.03333333333336
1806,-336.375,393.45000000000005
1807,-337.25,391.85
1808,-338.125,390.25
1809,-338.9875,388.6166666666667
1810,-339.83750000000003,386.9666666666667
1811,-340.6875,385.3
1812,-341.52500000000003,383.6166666666667
1813,-342.35,381.90000000000003
1814,-343.175,380.1833333333334
1815,-343.975,378.45000000000005
1816,-344.7875,376.70000000000005
1817,-345.58750000000003,374.9333333333334
1818,-346.375,373.15000000000003
1819,-347.1625,371.3666666666667
1820,-347.96250000000003,369.55
1821,-348.75,367.73333333333335
1822,-349.52500000000003,365.90000000000003
1823,-350.3,364.06666666666666
1824,-351.07500000000005,362.20000000000005
1825,-351.82500000000005,360.31666666666666
1826,-352.57500000000005,358.4333333333334
1827,-353.3,356.53333333333336
1828,-354.01250000000005,354.6
1829,-354.70000000000005,352.65000000000003
1830,-355.3625,350.70000000000005
1831,-356.0,348.7166666666667
1832,-356.625,346.73333333333335
1833,-357.2375,344.7166666666667
1834,-357.8125,342.70000000000005
1835,-358.375,340.6666666666667
1836,-358.9125,338.6166666666667
1837,-359.4375,336.55
1838,-359.9375,334.4666666666667
1839,-360.425,332.3666666666667
1840,-360.875,330.26666666666665
1841,-361.3125,328.15000000000003
1842,-361.7375,326.01666666666665
1843,-362.13750000000005,323.90000000000003
1844,-362.51250000000005,321.76666666666665
1845,-362.875,319.6333333333334
1846,-363.225,317.48333333333335
1847,-363.5625,315.33333333333337
1848,-363.88750000000005,313.18333333333334
1849,-364.1875,311.0
1850,-364.4875,308.83333333333337
1851,-364.7875,306.65000000000003
1852,-365.0625,304.45
1853,-365.33750000000003,302.26666666666665
1854,-365.6125,300.05
1855,-365.8625,297.83333333333337
1856,-366.1125,295.6166666666667
1857,-366.33750000000003,293.40000000000003
1858,-366.55,291.15000000000003
1859,-366.75,288.9166666666667
1860,-366.95000000000005,286.6666666666667
1861,-367.125,284.4166666666667
1862,-367.3,282.0
1863,-367.4375,279.8833333333334
1864,-367.57500000000005,277.6
1865,-367.6875,275.31666666666666
1866,-367.8,273.03333333333336
1867,-367.88750000000005,270.73333333333335
1868,-367.975,268.43333333333334
1869,-368.0375,266.1333333333334
1870,-368.1,263.81666666666666
1871,-368.13750000000005,261.5
1872,-368.1625,259.16666666666663
1873,-368.1875,256.83333333333337
1874,-368.1875,254.5
1875,-368.1875,252.15
1876,-368.175,249.8
1877,-368.15000000000003,247.45000000000002
1878,-368.1125,245.08333333333337
1879,-368.07500000000005,242.71666666666667
1880,-368.01250000000005,240.35000000000002
1881,-367.96250000000003,237.96666666666667
1882,-367.88750000000005,235.58333333333337
1883,-367.8125,233.18333333333337
1884,-367.725,230.78333333333336
1885,-367.625,228.38333333333335
1886,-367.5375,225.96666666666667
1887,-367.4375,223.55
1888,-367.32500000000005,221.13333333333335
1889,-367.225,218.70000000000002
1890,-367.1125,216.25
1891,-367.01250000000005,213.8
1892,-366.9125,211.35000000000002
1893,-366.8125,208.9
1894,-366.70000000000005,206.38333333333333
1895,-366.6125,203.9666666666667
1896,-366.5,201.48333333333335
1897,-366.40000000000003,199.0
1898,-366.3,196.5
1899,-366.1875,194.0
1900,-366.08750000000003,191.5
1901,-365.975,188.98333333333335
1902,-365.8625,186.4666666666667
1903,-365.7375,183.93333333333334
1904,-365.625,181.4
1905,-365.52500000000003,178.85000000000002
1906,-365.4125,176.3
1907,-365.3125,173.75
1908,-365.225,171.18333333333334
1909,-365.15000000000003,168.61666666666667
1910,-365.07500000000005,166.03333333333333
1911,-365.01250000000005,163.45000000000002
1912,-364.96250000000003,160.86666666666667
1913,-364.925,158.26666666666668
1914,-364.90000000000003,155.66666666666669
1915,-364.875,153.05
1916,-364.85,150.43333333333334
1917,-364.82500000000005,147.83333333333334
1918,-364.8125,145.23333333333332
1919,-364.7875,142.61666666666667
1920,-364.76250000000005,140.0
1921,-364.7375,137.38333333333333
1922,-364.71250000000003,134.75
1923,-364.70000000000005,132.13333333333333
1924,-364.675,129.5
1925,-364.65000000000003,126.86666666666667
1926,-364.625,124.21666666666668
1927,-364.6125,121.56666666666668
1928,-364.58750000000003,118.9
1929,-364.5625,116.25
1930,-364.5375,113.58333333333333
1931,-364.51250000000005,110.91666666666669
1932,-364.5,108.23333333333335
1933,-364.4875,105.55000000000001
1934,-364.475,102.86666666666667
1935,-364.475,100.18333333333334
1936,-364.475,97.48333333333335
1937,-364.4875,94.78333333333335
1938,-364.5,92.08333333333334
1939,-364.5375,89.36666666666667
1940,-364.58750000000003,86.65
1941,-364.6625,83.95
1942,-364.7375,81.25
1943,-364.82500000000005,78.58333333333334
1944,-364.925,75.93333333333334
1945,-365.0375,73.3
1946,-365.1625,70.7
1947,-365.3,68.15
1948,-365.45000000000005,65.6
1949,-365.6,63.1
1950,-365.77500000000003,60.63333333333334
1951,-365.96250000000003,58.18333333333334
1952,-366.15000000000003,55.76666666666667
1953,-366.33750000000003,53.366666666666674
1954,-366.5375,51.01666666666667
1955,-366.75,48.7
1956,-366.96250000000003,46.41666666666667
1957,-367.1875,44.13333333333333
1958,-367.425,41.800000000000004
1959,-367.6625,39.66666666666667
1960,-367.9125,37.483333333333334
1961,-368.1625,35.31666666666667
1962,-368.4375,33.16666666666667
1963,-368.70000000000005,31.05
1964,-368.9875,28.950000000000003
1965,-369.26250000000005,26.883333333333336
1966,-369.55,24.816666666666666
1967,-369.85,22.783333333333335
1968,-370.13750000000005,20.766666666666666
1969,-370.4375,18.78333333333333
1970,-370.7375,16.81666666666667
1971,-371.05,14.866666666666667
1972,-371.3625,12.916666666666668
1973,-371.675,10.983333333333334
1974,-372.0,9.083333333333334
1975,-372.32500000000005,7.183333333333334
1976,-372.65000000000003,5.316666666666666
1977,-372.9875,3.4833333333333334
1978,-373.32500000000005,1.6499999999999995
1979,-373.6625,-0.15000000000000036
1980,-374.0,-1.9333333333333336
1981,-374.32500000000005,-3.700000000000001
1982,-374.6625,-5.433333333333335
1983,-375.0,-7.133333333333335
1984,-375.33750000000003,-8.816666666666666
1985,-375.6625,-10.483333333333334
1986,-376.0,-12.133333333333336
1987,-376.33750000000003,-13.75
1988,-376.675,-15.350000000000001
1989,-377.0,-16.933333333333337
1990,-377.33750000000003,-18.5
1991,-377.6625,-20.03333333333333
1992,-377.975,-21.55
1993,-378.3,-23.03333333333333
1994,-378.6,-24.516666666666673
1995,-378.9125,-25.950000000000003
1996,-379.20000000000005,-27.366666666666667
1997,-379.475,-28.766666666666673
1998,-379.75,-30.15
1999,-380.0,-31.516666666666673
2000,-380.2375,-32.833333333333336
2001,-380.45000000000005,-34.150000000000006
2002,-380.6625,-35.45
2003,-380.83750000000003,-36.733333333333334
2004,-381.0,-38.0
2005,-381.15000000000003,-39.25
2006,-381.26250000000005,-40.5
2007,-381.3625,-41.733333333333334
2008,-381.45000000000005,-42.96666666666667
2009,-381.5,-44.166666666666664
2010,-381.5375,-45.36666666666667
2011,-381.5625,-46.550000000000004
2012,-381.5625,-47.71666666666667
2013,-381.5375,-48.86666666666667
2014,-381.4875,-50.0
2015,-381.425,-51.11666666666667
2016,-381.33750000000003,-52.23333333333334
2017,-381.21250000000003,-53.35
2018,-381.05,-54.46666666666667
2019,-380.8625,-55.58333333333334
2020,-380.65000000000003,-56.7
2021,-380.40000000000003,-57.8
2022,-380.1125,-58.91666666666667
2023,-379.8,-60.016666666666666
2024,-379.4375,-61.11666666666666
2025,-379.0625,-62.2
2026,-378.65000000000003,-63.283333333333346
2027,-378.1875,-64.35000000000001
2028,-377.70000000000005,-65.4
2029,-377.175,-66.43333333333334
2030,-376.6125,-67.45
2031,-376.02500000000003,-68.46666666666667
2032,-375.40000000000003,-69.45
2033,-374.7375,-70.41666666666667
2034,-374.0625,-71.38333333333334
2035,-373.35,-72.31666666666666
2036,-372.625,-73.25
2037,-371.8625,-74.15
2038,-371.07500000000005,-75.05000000000001
2039,-370.21250000000003,-76.0
2040,-369.5375,-76.73333333333335
2041,-368.57500000000005,-77.75
2042,-367.725,-78.61666666666667
2043,-367.02500000000003,-79.35000000000001
2044,-366.0375,-80.35000000000001
2045,-365.20000000000005,-81.2
2046,-364.5,-81.91666666666667
2047,-363.55,-82.88333333333334
2048,-362.7375,-83.66666666666667
2049,-362.0625,-84.31666666666666
2050,-361.125,-85.16666666666667
2051,-360.3,-85.88333333333334
2052,-359.625,-86.46666666666667
2053,-358.6875,-87.25
2054,-357.9125,-87.91666666666667
2055,-357.27500000000003,-88.45
2056,-356.4125,-89.18333333333334
2057,-355.70000000000005,-89.78333333333335
2058,-355.1125,-90.26666666666667
2059,-354.3,-90.93333333333334
2060,-353.58750000000003,-91.46666666666667
2061,-352.9875,-91.88333333333334
2062,-352.125,-92.45
2063,-351.40000000000003,-92.93333333333334
2064,-350.8125,-93.31666666666666
2065,-350.01250000000005,-93.83333333333334
2066,-349.33750000000003,-94.26666666666667
2067,-348.77500000000003,-94.61666666666667
2068,-348.01250000000005,-95.08333333333333
2069,-347.35,-95.46666666666668
2070,-346.8,-95.75
2071,-346.01250000000005,-96.15
2072,-345.33750000000003,-96.46666666666668
2073,-344.77500000000003,-96.73333333333333
2074,-344.01250000000005,-97.06666666666668
2075,-343.3625,-97.31666666666668
2076,-342.8125,-97.51666666666668
2077,-342.07500000000005,-97.76666666666668
2078,-341.4375,-97.96666666666668
2079,-340.9125,-98.11666666666667
2080,-340.20000000000005,-98.31666666666668
2081,-339.58750000000003,-98.48333333333333
2082,-339.07500000000005,-98.60000000000001
2083,-338.35,-98.73333333333333
2084,-337.7375,-98.81666666666668
2085,-337.21250000000003,-98.88333333333333
2086,-336.55,-98.98333333333333
2087,-335.85,-99.10000000000001
2088,-335.32500000000005,-99.2
2089,-334.58750000000003,-99.38333333333333
2090,-333.96250000000003,-99.58333333333333
2091,-333.4375,-99.75
2092,-332.70000000000005,-100.03333333333333
2093,-332.0625,-100.26666666666668
2094,-331.55,-100.5
2095,-330.82500000000005,-100.83333333333333
2096,-330.20000000000005,-101.15
2097,-329.6875,-101.43333333333334
2098,-328.975,-101.85000000000001
2099,-328.3625,-102.21666666666668
2100,-327.83750000000003,-102.51666666666668
2101,-327.1125,-102.98333333333333
2102,-326.4875,-103.38333333333333
2103,-325.975,-103.71666666666668
2104,-325.2375,-104.23333333333333
2105,-324.63750000000005,-104.68333333333334
2106,-324.125,-105.06666666666668
2107,-323.4125,-105.63333333333333
2108,-322.8,-106.13333333333333
2109,-322.3,-106.55000000000001
2110,-321.58750000000003,-107.16666666666669
2111,-320.9875,-107.7
2112,-320.4875,-108.15
2113,-319.8,-108.80000000000001
2114,-319.2375,-109.38333333333333
2115,-318.77500000000003,-109.88333333333333
2116,-318.15000000000003,-110.60000000000001
2117,-317.63750000000005,-111.21666666666668
2118,-317.225,-111.76666666666668
2119,-316.675,-112.53333333333333
2120,-316.225,-113.21666666666668
2121,-315.8625,-113.80000000000001
2122,-315.375,-114.63333333333333
2123,-314.9875,-115.35000000000001
2124,-314.675,-115.96666666666668
2125,-314.26250000000005,-116.85000000000001
2126,-313.925,-117.61666666666667
2127,-313.6625,-118.25
2128,-313.3125,-119.16666666666669
2129,-313.0375,-119.95
2130,-312.82500000000005,-120.61666666666667
2131,-312.55,-121.55000000000001
2132,-312.33750000000003,-122.36666666666667
2133,-312.1875,-123.05000000000001
2134,-311.9875,-124.01666666666668
2135,-311.83750000000003,-124.85
2136,-311.725,-125.53333333333333
2137,-311.58750000000003,-126.51666666666668
2138,-311.5,-127.36666666666667
2139,-311.425,-128.0666666666667
2140,-311.3625,-129.0666666666667
2141,-311.32500000000005,-129.91666666666669
2142,-311.3125,-130.61666666666667
2143,-311.32500000000005,-131.61666666666667
2144,-311.35,-132.46666666666667
2145,-311.40000000000003,-133.18333333333334
2146,-311.475,-134.18333333333334
2147,-311.57500000000005,-135.03333333333333
2148,-311.6625,-135.75
2149,-311.8,-136.75
2150,-311.925,-137.6
2151,-312.05,-138.3166666666667
2152,-312.2375,-139.3166666666667
2153,-312.4125,-140.18333333333334
2154,-312.5625,-140.9
2155,-312.7875,-141.9
2156,-313.0,-142.76666666666668
2157,-313.1875,-143.48333333333332
2158,-313.475,-144.5
2159,-313.75,-145.36666666666667
2160,-313.975,-146.10000000000002
2161,-314.3125,-147.13333333333333
2162,-314.6,-148.0
2163,-314.85,-148.73333333333335
2164,-315.1875,-149.78333333333333
2165,-315.475,-150.66666666666669
2166,-315.725,-151.43333333333334
2167,-316.05,-152.48333333333335
2168,-316.32500000000005,-153.41666666666669
2169,-316.55,-154.18333333333334
2170,-316.85,-155.28333333333333
2171,-317.1125,-156.23333333333335
2172,-317.3125,-157.03333333333333
2173,-317.6,-158.15
2174,-317.83750000000003,-159.11666666666667
2175,-318.0375,-159.93333333333334
2176,-318.3,-161.08333333333334
2177,-318.51250000000005,-162.08333333333334
2178,-318.71250000000003,-163.08333333333334
2179,-318.90000000000003,-164.11666666666667
2180,-319.1,-165.15
2181,-319.25,-166.03333333333333
2182,-319.475,-167.26666666666668
2183,-319.6625,-168.33333333333334
2184,-319.82500000000005,-169.23333333333335
2185,-320.05,-170.5
2186,-320.25,-171.61666666666667
2187,-320.4125,-172.53333333333333
2188,-320.65000000000003,-173.85000000000002
2189,-320.85,-175.0
2190,-321.05,-176.15
2191,-321.26250000000005,-177.3166666666667
2192,-321.46250000000003,-178.5
2193,-321.675,-179.70000000000002
2194,-321.875,-180.91666666666669
2195,-322.08750000000003,-182.13333333333333
2196,-322.26250000000005,-183.16666666666669
2197,-322.5,-184.61666666666667
2198,-322.70000000000005,-185.88333333333333
2199,-322.8625,-186.95000000000002
2200,-323.08750000000003,-188.4666666666667
2201,-323.26250000000005,-189.78333333333333
2202,-323.4125,-190.88333333333333
2203,-323.58750000000003,-192.4666666666667
2204,-323.725,-193.8166666666667
2205,-323.8125,-194.9666666666667
2206,-323.9375,-196.58333333333334
2207,-324.0,-198.0
2208,-324.05,-199.18333333333337
2209,-324.07500000000005,-200.85000000000002
2210,-324.08750000000003,-202.28333333333336
2211,-324.0625,-203.48333333333335
2212,-324.02500000000003,-205.16666666666666
2213,-323.95000000000005,-206.61666666666667
2214,-323.875,-207.83333333333337
2215,-323.75,-209.51666666666665
2216,-323.6125,-210.98333333333335
2217,-323.4875,-212.18333333333337
2218,-323.2875,-213.86666666666667
2219,-323.08750000000003,-215.3
2220,-322.90000000000003,-216.5
2221,-322.625,-218.16666666666666
2222,-322.35,-219.58333333333337
2223,-322.1125,-220.76666666666665
2224,-321.7375,-222.43333333333337
2225,-321.40000000000003,-223.85000000000002
2226,-321.1,-225.03333333333336
2227,-320.6625,-226.68333333333337
2228,-320.26250000000005,-228.10000000000002
2229,-319.9125,-229.28333333333336
2230,-319.4125,-230.93333333333337
2231,-318.96250000000003,-232.33333333333337
2232,-318.57500000000005,-233.5
2233,-318.02500000000003,-235.13333333333335
2234,-317.5375,-236.51666666666665
2235,-317.1125,-237.66666666666666
2236,-316.5,-239.28333333333336
2237,-315.96250000000003,-240.65
2238,-315.5,-241.78333333333336
2239,-314.83750000000003,-243.36666666666667
2240,-314.25,-244.71666666666667
2241,-313.75,-245.83333333333337
2242,-313.02500000000003,-247.4
2243,-312.38750000000005,-248.71666666666664
2244,-311.83750000000003,-249.81666666666666
2245,-311.05,-251.35000000000002
2246,-310.35,-252.65000000000003
2247,-309.76250000000005,-253.71666666666664
2248,-308.9125,-255.21666666666664
2249,-308.1625,-256.5
2250,-307.52500000000003,-257.55
2251,-306.5375,-259.1166666666667
2252,-305.8,-260.25
2253,-305.1125,-261.28333333333336
2254,-304.1125,-262.7
2255,-303.2375,-263.90000000000003
2256,-302.5,-264.8833333333334
2257,-301.4125,-266.26666666666665
2258,-300.475,-267.4166666666667
2259,-299.6625,-268.3666666666667
2260,-298.5,-269.68333333333334
2261,-297.4875,-270.8
2262,-296.6125,-271.71666666666664
2263,-295.3625,-272.96666666666664
2264,-294.25,-274.03333333333336
2265,-293.325,-274.90000000000003
2266,-291.975,-276.1
2267,-290.8,-277.1
2268,-289.8,-277.9166666666667
2269,-288.3625,-279.03333333333336
2270,-287.1125,-279.96666666666664
2271,-286.05,-280.73333333333335
2272,-284.5375,-281.76666666666665
2273,-283.225,-282.6333333333334
2274,-282.1125,-283.33333333333337
2275,-280.5125,-284.26666666666665
2276,-279.125,-285.05
2277,-277.95,-285.68333333333334
2278,-276.2875,-286.53333333333336
2279,-274.83750000000003,-287.21666666666664
2280,-273.625,-287.76666666666665
2281,-271.8875,-288.51666666666665
2282,-270.3875,-289.1166666666667
2283,-269.1125,-289.6
2284,-267.325,-290.23333333333335
2285,-265.77500000000003,-290.75
2286,-264.46250000000003,-291.1333333333334
2287,-262.8125,-291.6
2288,-261.21250000000003,-292.01666666666665
2289,-259.6125,-292.3833333333334
2290,-257.9875,-292.71666666666664
2291,-256.3625,-293.03333333333336
2292,-254.72500000000002,-293.3
2293,-253.08750000000003,-293.55
2294,-251.4375,-293.76666666666665
2295,-249.78750000000002,-293.95
2296,-248.1375,-294.1
2297,-246.46250000000003,-294.21666666666664
2298,-244.8,-294.3
2299,-243.125,-294.35
2300,-241.45000000000002,-294.3666666666667
2301,-239.775,-294.33333333333337
2302,-238.0875,-294.28333333333336
2303,-236.41250000000002,-294.2
2304,-234.7125,-294.08333333333337
2305,-233.01250000000002,-293.93333333333334
2306,-231.3,-293.75
2307,-229.60000000000002,-293.53333333333336
2308,-227.88750000000002,-293.28333333333336
2309,-226.1875,-293.0
2310,-224.47500000000002,-292.7
2311,-222.78750000000002,-292.3666666666667
2312,-221.0875,-292.01666666666665
2313,-219.375,-291.6333333333334
2314,-217.66250000000002,-291.25
2315,-215.9375,-290.83333333333337
2316,-214.20000000000002,-290.40000000000003
2317,-212.45000000000002,-289.95
2318,-210.70000000000002,-289.48333333333335
2319,-208.9375,-289.0
2320,-207.16250000000002,-288.48333333333335
2321,-205.375,-287.95
2322,-203.5875,-287.40000000000003
2323,-201.78750000000002,-286.83333333333337
2324,-199.97500000000002,-286.25
2325,-198.15,-285.6666666666667
2326,-196.32500000000002,-285.05
2327,-194.47500000000002,-284.4166666666667
2328,-192.625,-283.78333333333336
2329,-190.75,-283.1333333333334
2330,-188.875,-282.48333333333335
2331,-186.9875,-281.81666666666666
2332,-185.10000000000002,-281.1333333333334
2333,-183.1875,-280.45
2334,-181.275,-279.73333333333335
2335,-179.35000000000002,-279.0
2336,-177.425,-278.25
2337,-175.4875,-277.48333333333335
2338,-173.55,-276.7
2339,-171.6125,-275.90000000000003
2340,-169.66250000000002,-275.06666666666666
2341,-167.70000000000002,-274.21666666666664
2342,-165.7375,-273.35
2343,-163.775,-272.46666666666664
2344,-161.8,-271.56666666666666
2345,-159.82500000000002,-270.65000000000003
2346,-157.8375,-269.73333333333335
2347,-155.85000000000002,-268.78333333333336
2348,-153.8625,-267.85
2349,-151.8625,-266.90000000000003
2350,-149.85000000000002,-265.95
2351,-147.85000000000002,-265.0
2352,-145.8375,-264.06666666666666
2353,-143.8125,-263.1166666666667
2354,-141.8,-262.18333333333334
2355,-139.775,-261.26666666666665
2356,-137.7375,-260.33333333333337
2357,-135.7125,-259.4166666666667
2358,-133.675,-258.51666666666665
2359,-131.63750000000002,-257.6166666666667
2360,-129.5875,-256.71666666666664
2361,-127.55000000000001,-255.83333333333337
2362,-125.5,-254.96666666666664
2363,-123.4625,-254.11666666666667
2364,-121.4375,-253.26666666666665
2365,-119.42500000000001,-252.45
2366,-117.4,-251.63333333333338
2367,-115.45,-250.86666666666667
2368,-113.48750000000001,-250.11666666666667
2369,-111.5625,-249.38333333333338
2370,-109.66250000000001,-248.66666666666669
2371,-107.775,-247.96666666666667
2372,-105.92500000000001,-247.3
2373,-104.10000000000001,-246.65
2374,-102.28750000000001,-246.01666666666665
2375,-100.5125,-245.4
2376,-98.775,-244.81666666666666
2377,-97.05000000000001,-244.25
2378,-95.36250000000001,-243.70000000000002
2379,-93.6875,-243.16666666666666
2380,-92.0125,-242.66666666666666
2381,-90.3375,-242.20000000000002
2382,-88.66250000000001,-241.75
2383,-86.97500000000001,-241.33333333333337
2384,-85.28750000000001,-240.93333333333337
2385,-83.5875,-240.58333333333337
2386,-81.8875,-240.25
2387,-80.1875,-239.96666666666667
2388,-78.47500000000001,-239.70000000000002
2389,-76.775,-239.46666666666667
2390,-75.0625,-239.26666666666665
2391,-73.35000000000001,-239.10000000000002
2392,-71.6375,-238.96666666666667
2393,-69.92500000000001,-238.86666666666667
2394,-68.2125,-238.78333333333336
2395,-66.5,-238.75
2396,-64.78750000000001,-238.73333333333335
2397,-63.075,-238.76666666666665
2398,-61.375,-238.81666666666666
2399,-59.66250000000001,-238.9
2400,-57.962500000000006,-239.01666666666665
2401,-56.2625,-239.16666666666666
2402,-54.5625,-239.35000000000002
2403,-52.875,-239.56666666666666
2404,-51.175000000000004,-239.81666666666666
2405,-49.487500000000004,-240.11666666666667
2406,-47.800000000000004,-240.45000000000002
2407,-46.112500000000004,-240.83333333333337
2408,-44.425000000000004,-241.23333333333335
2409,-42.75,-241.70000000000002
2410,-41.075,-242.18333333333337
2411,-39.4125,-242.71666666666667
2412,-37.7625,-243.28333333333336
2413,-36.125,-243.9
2414,-34.5,-244.55
2415,-32.8875,-245.25
2416,-31.2875,-245.98333333333335
2417,-29.700000000000003,-246.75
2418,-28.137500000000003,-247.56666666666666
2419,-26.5875,-248.43333333333334
2420,-25.0625,-249.33333333333337
2421,-23.550000000000004,-250.28333333333336
2422,-22.0625,-251.26666666666665
2423,-20.6,-252.28333333333336
2424,-19.1625,-253.35000000000002
2425,-17.7375,-254.45
2426,-16.337500000000002,-255.58333333333337
2427,-14.962500000000002,-256.76666666666665
2428,-13.600000000000001,-257.96666666666664
2429,-12.25,-259.21666666666664
2430,-10.925,-260.5
2431,-9.625,-261.81666666666666
2432,-8.350000000000001,-263.1666666666667
2433,-7.100000000000001,-264.55
2434,-5.875,-265.96666666666664
2435,-4.662500000000001,-267.4166666666667
2436,-3.4750000000000014,-268.90000000000003
2437,-2.3125,-270.40000000000003
2438,-1.1750000000000007,-271.95
2439,-0.0625,-273.5
2440,1.0374999999999996,-275.1
2441,2.112499999999999,-276.73333333333335
2442,3.1499999999999995,-278.35
2443,4.1625,-280.01666666666665
2444,5.1625,-281.71666666666664
2445,6.125,-283.43333333333334
2446,7.074999999999999,-285.1666666666667
2447,7.975,-286.9166666666667
2448,8.8625,-288.7
2449,9.7,-290.48333333333335
2450,10.5125,-292.28333333333336
2451,11.3,-294.1
2452,12.0625,-295.93333333333334
2453,12.7875,-297.78333333333336
2454,13.475,-299.65000000000003
2455,14.15,-301.53333333333336
2456,14.8125,-303.4333333333334
2457,15.475000000000001,-305.33333333333337
2458,16.1625,-307.2166666666667
2459,16.8625,-309.1166666666667
2460,17.5875,-311.0
2461,18.3375,-312.90000000000003
2462,19.125,-314.76666666666665
2463,19.925,-316.65000000000003
2464,20.762500000000003,-318.51666666666665
2465,21.6125,-320.3833333333334
2466,22.4875,-322.25
2467,23.387500000000003,-324.1166666666667
2468,24.2875,-326.0
2469,25.200000000000003,-327.8833333333334
2470,26.1125,-329.76666666666665
2471,27.0375,-331.6666666666667
2472,27.975,-333.56666666666666
2473,28.900000000000002,-335.48333333333335
2474,29.837500000000002,-337.4166666666667
2475,30.775000000000002,-339.35
2476,31.712500000000002,-341.28333333333336
2477,32.6625,-343.23333333333335
2478,33.6375,-345.1833333333334
2479,34.6125,-347.15000000000003
2480,35.6,-349.1
2481,36.6,-351.06666666666666
2482,37.625,-353.03333333333336
2483,38.6625,-355.01666666666665
2484,39.7,-356.98333333333335
2485,40.7625,-358.9666666666667
2486,41.825,-360.95000000000005
2487,42.8875,-362.95000000000005
2488,43.95,-364.95000000000005
2489,45.0125,-366.9666666666667
2490,46.075,-369.0
2491,47.125,-371.05
2492,48.175000000000004,-373.1166666666667
2493,49.2125,-375.1833333333334
2494,50.237500000000004,-377.26666666666665
2495,51.275000000000006,-379.3666666666667
2496,52.300000000000004,-381.48333333333335
2497,53.337500000000006,-383.6
2498,54.375,-385.7166666666667
2499,55.425000000000004,-387.83333333333337
2500,56.5,-389.9666666666667
2501,57.587500000000006,-392.1
2502,58.6875,-394.23333333333335
2503,59.800000000000004,-396.3666666666667
2504,60.925000000000004,-398.5
2505,62.0625,-400.6
2506,63.175000000000004,-402.68333333333334
2507,64.275,-404.73333333333335
2508,65.35,-406.75
2509,66.4125,-408.73333333333335
2510,67.45,-410.68333333333334
2511,68.475,-412.6
2512,69.475,-414.5
2513,70.4625,-416.36666666666673
2514,71.42500000000001,-418.18333333333334
2515,72.36250000000001,-419.98333333333335
2516,73.2875,-421.73333333333335
2517,74.2125,-423.4666666666667
2518,75.1125,-425.18333333333334
2519,76.0,-426.86666666666673
2520,76.8625,-428.5333333333333
2521,77.72500000000001,-430.15000000000003
2522,78.55,-431.73333333333335
2523,79.375,-433.3
2524,80.175,-434.8333333333333
2525,80.9625,-436.3333333333333
2526,81.72500000000001,-437.8
2527,82.4875,-439.25
2528,83.22500000000001,-440.66666666666674
2529,83.95,-442.05
2530,84.65,-443.41666666666674
2531,85.35000000000001,-444.7666666666667
2532,86.025,-446.0833333333333
2533,86.7,-447.36666666666673
2534,87.35000000000001,-448.6333333333333
2535,87.98750000000001,-449.8833333333333
2536,88.625,-451.0833333333333
2537,89.23750000000001,-452.2833333333333
2538,89.85000000000001,-453.45000000000005
2539,90.4375,-454.5833333333333
2540,91.025,-455.70000000000005
2541,91.60000000000001,-456.7833333333333
2542,92.16250000000001,-457.86666666666673
2543,92.7125,-458.90000000000003
2544,93.2625,-459.91666666666674
2545,93.78750000000001,-460.91666666666674
2546,94.3125,-461.90000000000003
2547,94.8375,-462.85
2548,95.35000000000001,-463.7666666666667
2549,95.86250000000001,-464.68333333333334
2550,96.36250000000001,-465.55
2551,96.86250000000001,-466.40000000000003
2552,97.35000000000001,-467.2166666666667
2553,97.85000000000001,-468.0166666666667
2554,98.3375,-468.8
2555,98.825,-469.55
2556,99.3125,-470.2666666666667
2557,99.80000000000001,-470.9666666666667
2558,100.28750000000001,-471.65000000000003
2559,100.78750000000001,-472.3
2560,101.3125,-472.9666666666667
2561,101.86250000000001,-473.6
2562,102.42500000000001,-474.23333333333335
2563,103.0125,-474.85
2564,103.61250000000001,-475.45000000000005
2565,104.2625,-476.05
2566,104.91250000000001,-476.61666666666673
2567,105.575,-477.16666666666674
2568,106.25,-477.68333333333334
2569,106.9625,-478.18333333333334
2570,107.67500000000001,-478.66666666666674
2571,108.41250000000001,-479.11666666666673
2572,109.17500000000001,-479.55
2573,109.9375,-479.9666666666667
2574,110.73750000000001,-480.36666666666673
2575,111.525,-480.7166666666667
2576,112.3375,-481.0666666666667
2577,113.16250000000001,-481.36666666666673
2578,114.0125,-481.66666666666674
2579,114.86250000000001,-481.91666666666674
2580,115.72500000000001,-482.15000000000003
2581,116.61250000000001,-482.36666666666673
2582,117.48750000000001,-482.55
2583,118.375,-482.70000000000005
2584,119.28750000000001,-482.8333333333333
2585,120.2,-482.93333333333334
2586,121.125,-483.0
2587,122.0625,-483.05
2588,123.0125,-483.05
2589,123.9375,-483.0333333333333
2590,124.8875,-482.98333333333335
2591,125.825,-482.90000000000003
2592,126.775,-482.8
2593,127.7,-482.65000000000003
2594,128.625,-482.48333333333335
2595,129.55,-482.2666666666667
2596,130.47500000000002,-482.05
2597,131.3875,-481.7833333333333
2598,132.3,-481.5
2599,133.2125,-481.18333333333334
2600,134.1125,-480.85
2601,135.0125,-480.48333333333335
2602,135.9,-480.1
2603,136.775,-479.66666666666674
2604,137.65,-479.2166666666667
2605,138.525,-478.73333333333335
2606,139.3625,-478.23333333333335
2607,140.1875,-477.7166666666667
2608,141.0,-477.18333333333334
2609,141.8,-476.61666666666673
2610,142.57500000000002,-476.0333333333333
2611,143.3375,-475.45000000000005
2612,144.0625,-474.85
2613,144.76250000000002,-474.25
2614,145.425,-473.6333333333333
2615,146.0625,-473.0
2616,146.65,-472.3833333333333
2617,147.2125,-471.75
2618,147.75,-471.11666666666673
2619,148.26250000000002,-470.48333333333335
2620,148.75,-469.86666666666673
2621,149.20000000000002,-469.23333333333335
2622,149.625,-468.61666666666673
2623,150.025,-467.98333333333335
2624,150.4,-467.35
2625,150.75,-466.7166666666667
2626,151.07500000000002,-466.0833333333333
2627,151.375,-465.45000000000005
2628,151.6625,-464.8166666666667
2629,151.9375,-464.18333333333334
2630,152.1875,-463.55
2631,152.4375,-462.91666666666674
2632,152.675,-462.3
2633,152.9,-461.68333333333334
2634,153.1125,-461.0833333333333
2635,153.3375,-460.5
2636,153.5625,-459.91666666666674
2637,153.7875,-459.3333333333333
2638,154.0,-458.75
2639,154.2125,-458.18333333333334
2640,154.425,-457.6
2641,154.65,-457.0166666666667
2642,154.85,-456.45000000000005
2643,155.0625,-455.85
2644,155.275,-455.2666666666667
2645,155.475,-454.65000000000003
2646,155.6875,-454.0333333333333
2647,155.9125,-453.40000000000003
2648,156.13750000000002,-452.7666666666667
2649,156.3625,-452.11666666666673
2650,156.5875,-451.4666666666667
2651,156.82500000000002,-450.8
2652,157.0625,-450.11666666666673
2653,157.3125,-449.43333333333334
2654,157.57500000000002,-448.7166666666667
2655,157.8375,-448.0166666666667
2656,158.1125,-447.2833333333333
2657,158.38750000000002,-446.5333333333333
2658,158.70000000000002,-445.73333333333335
2659,159.01250000000002,-444.9666666666667
2660,159.3375,-444.18333333333334
2661,159.6625,-443.3833333333333
2662,160.07500000000002,-442.45000000000005
2663,160.3375,-441.8333333333333
2664,160.7125,-441.0166666666667
2665,161.1,-440.18333333333334
2666,161.51250000000002,-439.3333333333333
2667,161.9375,-438.4666666666667
2668,162.375,-437.6
2669,162.82500000000002,-436.7166666666667
2670,163.3,-435.8333333333333
2671,163.8,-434.93333333333334
2672,164.3,-434.0166666666667
2673,164.8375,-433.1
2674,165.375,-432.16666666666674
2675,165.9375,-431.2166666666667
2676,166.51250000000002,-430.2833333333333
2677,167.10000000000002,-429.3166666666667
2678,167.7125,-428.3333333333333
2679,168.3375,-427.35
2680,168.97500000000002,-426.36666666666673
2681,169.625,-425.35
2682,170.28750000000002,-424.3333333333333
2683,170.97500000000002,-423.3
2684,171.66250000000002,-422.25
2685,172.375,-421.20000000000005
2686,173.10000000000002,-420.1333333333333
2687,173.82500000000002,-419.05
2688,174.57500000000002,-417.95000000000005
2689,175.3375,-416.85
2690,176.1125,-415.73333333333335
2691,176.9,-414.6
2692,177.6875,-413.45000000000005
2693,178.5,-412.3
2694,179.32500000000002,-411.1333333333333
2695,180.16250000000002,-409.95000000000005
2696,181.0,-408.75
2697,181.85000000000002,-407.55
2698,182.72500000000002,-406.3166666666667
2699,183.5875,-405.0833333333333
2700,184.47500000000002,-403.8333333333333
2701,185.3625,-402.5666666666667
2702,186.25,-401.28333333333336
2703,187.15,-399.98333333333335
2704,188.0625,-398.6833333333334
2705,188.9625,-397.3666666666667
2706,189.8625,-396.06666666666666
2707,190.775,-394.75
2708,191.70000000000002,-393.4166666666667
2709,192.625,-392.06666666666666
2710,193.57500000000002,-390.7166666666667
2711,194.525,-389.35
2712,195.4875,-387.98333333333335
2713,196.4625,-386.6166666666667
2714,197.45000000000002,-385.2166666666667
2715,198.4375,-383.83333333333337
2716,199.45000000000002,-382.4166666666667
2717,200.4625,-381.01666666666665
2718,201.4875,-379.6
2719,202.525,-378.1666666666667
2720,203.57500000000002,-376.7166666666667
2721,204.65,-375.25
2722,205.70000000000002,-373.81666666666666
2723,206.775,-372.35
2724,207.8625,-370.8833333333334
2725,208.95000000000002,-369.40000000000003
2726,210.05,-367.90000000000003
2727,211.16250000000002,-366.40000000000003
2728,212.28750000000002,-364.90000000000003
2729,213.41250000000002,-363.3666666666667
2730,214.55,-361.83333333333337
2731,215.70000000000002,-360.3
2732,216.85000000000002,-358.75
2733,218.01250000000002,-357.1833333333334
2734,219.175,-355.6
2735,220.3375,-354.01666666666665
2736,221.51250000000002,-352.4166666666667
2737,222.6875,-350.8
2738,223.8625,-349.1833333333334
2739,225.05,-347.55
2740,226.2375,-345.90000000000003
2741,227.4375,-344.23333333333335
2742,228.63750000000002,-342.56666666666666
2743,229.8375,-340.8833333333334
2744,231.03750000000002,-339.1833333333334
2745,232.25,-337.48333333333335
2746,233.4625,-335.76666666666665
2747,234.6875,-334.03333333333336
2748,235.9,-332.28333333333336
2749,237.125,-330.53333333333336
2750,238.35000000000002,-328.76666666666665
2751,239.5875,-327.0
2752,240.82500000000002,-325.2166666666667
2753,242.0625,-323.4166666666667
2754,243.3125,-321.6166666666667
2755,244.57500000000002,-319.8
2756,245.8375,-317.98333333333335
2757,247.10000000000002,-316.15000000000003
2758,248.3625,-314.33333333333337
2759,249.625,-312.51666666666665
2760,250.9,-310.6833333333334
2761,252.175,-308.85
2762,253.4625,-307.0
2763,254.76250000000002,-305.1333333333334
2764,256.0625,-303.28333333333336
2765,257.3625,-301.4166666666667
2766,258.675,-299.53333333333336
2767,259.975,-297.65000000000003
2768,261.2875,-295.76666666666665
2769,262.6125,-293.8666666666667
2770,263.925,-291.96666666666664
2771,265.275,-290.01666666666665
2772,266.57500000000005,-288.1166666666667
2773,267.90000000000003,-286.18333333333334
2774,269.2375,-284.25
2775,270.575,-282.3
2776,271.9125,-280.33333333333337
2777,273.25,-278.3666666666667
2778,274.58750000000003,-276.3833333333334
2779,275.925,-274.40000000000003
2780,277.27500000000003,-272.40000000000003
2781,278.625,-270.40000000000003
2782,279.96250000000003,-268.3833333333334
2783,281.3125,-266.35
2784,282.6625,-264.31666666666666
2785,284.0125,-262.28333333333336
2786,285.3625,-260.23333333333335
2787,286.825,-258.0
2788,288.1875,-255.93333333333334
2789,289.5375,-253.86666666666667
2790,290.90000000000003,-251.78333333333336
2791,292.25,-249.68333333333334
2792,293.6125,-247.58333333333337
2793,294.96250000000003,-245.46666666666667
2794,296.3125,-243.33333333333337
2795,297.675,-241.21666666666667
2796,299.02500000000003,-239.06666666666666
2797,300.375,-236.91666666666666
2798,301.71250000000003,-234.75
2799,303.0625,-232.58333333333337
2800,304.175,-230.76666666666665
2801,305.7375,-228.20000000000002
2802,307.0625,-226.0
2803,308.175,-224.15
2804,309.71250000000003,-221.56666666666666
2805,311.02500000000003,-219.31666666666666
2806,312.125,-217.45000000000002
2807,313.65000000000003,-214.81666666666666
2808,314.96250000000003,-212.55
2809,316.0375,-210.66666666666666
2810,317.5625,-208.0
2811,318.85,-205.70000000000002
2812,319.9125,-203.76666666666665
2813,321.40000000000003,-201.06666666666666
2814,322.6625,-198.73333333333335
2815,323.70000000000005,-196.76666666666668
2816,325.15000000000003,-194.01666666666668
2817,326.375,-191.65
2818,327.40000000000003,-189.65
2819,328.8125,-186.86666666666667
2820,330.0,-184.45000000000002
2821,330.9875,-182.43333333333334
2822,332.3625,-179.60000000000002
2823,333.5375,-177.16666666666669
2824,334.5,-175.11666666666667
2825,335.85,-172.25
2826,337.0,-169.78333333333333
2827,337.96250000000003,-167.7166666666667
2828,339.3,-164.8166666666667
2829,340.45000000000005,-162.33333333333334
2830,341.40000000000003,-160.25
2831,342.725,-157.35000000000002
2832,343.85,-154.86666666666667
2833,344.8,-152.8
2834,346.1125,-149.88333333333333
2835,347.25,-147.38333333333333
2836,348.1875,-145.3
2837,349.5,-142.36666666666667
2838,350.625,-139.83333333333334
2839,351.55,-137.73333333333332
2840,352.8625,-134.76666666666668
2841,353.96250000000003,-132.23333333333332
2842,354.88750000000005,-130.1
2843,356.1875,-127.11666666666667
2844,357.2875,-124.56666666666669
2845,358.20000000000005,-122.41666666666669
2846,359.475,-119.41666666666669
2847,360.57500000000005,-116.81666666666668
2848,361.475,-114.66666666666669
2849,362.7375,-111.61666666666667
2850,363.8125,-109.01666666666668
2851,364.71250000000003,-106.83333333333333
2852,365.96250000000003,-103.76666666666668
2853,367.02500000000003,-101.13333333333333
2854,367.90000000000003,-98.91666666666669
2855,369.13750000000005,-95.83333333333333
2856,370.1875,-93.16666666666667
2857,371.0625,-90.95
2858,372.27500000000003,-87.83333333333334
2859,373.3125,-85.15
2860,374.175,-82.9
2861,375.375,-79.75
2862,376.40000000000003,-77.03333333333335
2863,377.25,-74.78333333333335
2864,378.425,-71.58333333333334
2865,379.425,-68.86666666666667
2866,380.25,-66.56666666666666
2867,381.4125,-63.35000000000001
2868,382.38750000000005,-60.58333333333334
2869,383.1875,-58.283333333333346
2870,384.3,-55.03333333333334
2871,385.25,-52.23333333333334
2872,386.02500000000003,-49.88333333333334
2873,387.1,-46.6
2874,388.0,-43.766666666666666
2875,388.7375,-41.400000000000006
2876,389.75,-38.083333333333336
2877,390.6,-35.21666666666667
2878,391.2875,-32.81666666666667
2879,392.225,-29.450000000000003
2880,393.0,-26.550000000000004
2881,393.6125,-24.116666666666667
2882,394.3625,-20.91666666666667
2883,395.0625,-17.75
2884,395.5625,-15.283333333333335
2885,396.2375,-11.816666666666666
2886,396.76250000000005,-8.833333333333336
2887,397.175,-6.333333333333336
2888,397.71250000000003,-2.833333333333334
2889,398.13750000000005,0.18333333333333268
2890,398.45000000000005,2.6999999999999993
2891,398.8625,6.233333333333333
2892,399.175,9.266666666666666
2893,399.40000000000003,11.8
2894,399.6875,15.366666666666667
2895,399.90000000000003,18.433333333333334
2896,400.0625,20.983333333333334
2897,400.2375,24.566666666666666
2898,400.3625,27.666666666666668
2899,400.45000000000005,30.21666666666667
2900,400.55,33.83333333333333
2901,400.625,36.93333333333334
2902,400.6625,39.516666666666666
2903,400.71250000000003,43.13333333333333
2904,400.7375,46.25
2905,400.75,48.85
2906,400.76250000000005,52.5
2907,400.75,55.6
2908,400.75,58.18333333333334
2909,400.725,61.78333333333334
2910,400.6875,64.80000000000001
2911,400.6625,67.30000000000001
2912,400.6125,70.73333333333335
2913,400.57500000000005,73.65
2914,400.5375,76.03333333333335
2915,400.4875,79.33333333333334
2916,400.45000000000005,82.11666666666666
2917,400.425,84.41666666666667
2918,400.38750000000005,87.56666666666666
2919,400.35,90.21666666666667
2920,400.32500000000005,92.41666666666667
2921,400.2875,95.43333333333334
2922,400.26250000000005,97.98333333333335
2923,400.2375,100.08333333333334
2924,400.20000000000005,102.98333333333335
2925,400.175,105.41666666666667
2926,400.15000000000003,107.41666666666667
2927,400.125,110.18333333333334
2928,400.1,112.51666666666668
2929,400.07500000000005,114.41666666666669
2930,400.0375,117.05000000000001
2931,400.01250000000005,119.25
2932,399.975,121.06666666666668
2933,399.9375,123.56666666666668
2934,399.9125,125.66666666666669
2935,399.88750000000005,127.38333333333333
2936,399.83750000000003,129.76666666666668
2937,399.8125,131.78333333333333
2938,399.77500000000003,133.41666666666669
2939,399.7375,135.68333333333334
2940,399.6875,137.58333333333334
2941,399.6625,139.13333333333333
2942,399.6,141.26666666666668
2943,399.55,143.0666666666667
2944,399.5,144.51666666666668
2945,399.4375,146.53333333333333
2946,399.3625,148.21666666666667
2947,399.3125,149.6
2948,399.21250000000003,151.51666666666668
2949,399.125,153.11666666666667
2950,399.05,154.41666666666669
2951,398.925,156.23333333333332
2952,398.8125,157.73333333333332
2953,398.71250000000003,158.98333333333332
2954,398.5625,160.61666666666667
2955,398.4375,161.93333333333334
2956,398.2875,163.35000000000002
2957,398.13750000000005,164.7166666666667
2958,397.9375,166.3
2959,397.7875,167.4
2960,397.6125,168.70000000000002
2961,397.38750000000005,170.18333333333334
2962,397.21250000000003,171.2166666666667
2963,397.0,172.43333333333334
2964,396.7375,173.83333333333334
2965,396.52500000000003,174.8166666666667
2966,396.25,176.0
2967,395.9125,177.36666666666667
2968,395.65000000000003,178.35000000000002
2969,395.3,179.51666666666668
2970,394.8625,180.88333333333333
2971,394.5375,181.85000000000002
2972,394.1125,183.01666666666668
2973,393.58750000000003,184.35000000000002
2974,393.175,185.3166666666667
2975,392.675,186.45000000000002
2976,392.0375,187.76666666666668
2977,391.57500000000005,188.70000000000002
2978,390.975,189.8
2979,390.25,191.0666666666667
2980,389.71250000000003,191.9666666666667
2981,389.02500000000003,193.03333333333333
2982,388.21250000000003,194.23333333333335
2983,387.625,195.0666666666667
2984,386.90000000000003,196.05
2985,386.05,197.16666666666669
2986,385.425,197.93333333333334
2987,384.6625,198.83333333333334
2988,383.725,199.86666666666667
2989,383.05,200.60000000000002
2990,382.20000000000005,201.45000000000002
2991,381.1875,202.41666666666669
2992,380.45000000000005,203.08333333333334
2993,379.5375,203.86666666666667
2994,378.6125,204.63333333333333
2995,377.6625,205.36666666666667
2996,376.6875,206.0666666666667
2997,375.55,206.86666666666667
2998,374.725,207.4
2999,373.70000000000005,208.01666666666668
3000,372.5,208.7166666666667
3001,371.625,209.18333333333334
3002,370.55,209.73333333333335
3003,369.2875,210.33333333333334
3004,368.375,210.73333333333335
3005,367.25,211.18333333333334
3006,365.9375,211.68333333333334
3007,364.9875,212.0
3008,363.83750000000003,212.36666666666667
3009,362.4875,212.75
3010,361.51250000000005,213.0
3011,360.32500000000005,213.28333333333336
3012,358.9375,213.56666666666666
3013,357.9375,213.73333333333335
3014,356.725,213.91666666666666
3015,355.3125,214.08333333333337
3016,354.3,214.16666666666666
3017,353.07500000000005,214.25
3018,351.63750000000005,214.3
3019,350.6125,214.31666666666666
3020,349.38750000000005,214.3
3021,348.13750000000005,214.25
3022,346.925,214.16666666666666
3023,345.6875,214.05
3024,344.25,213.88333333333335
3025,343.2375,213.73333333333335
3026,342.01250000000005,213.51666666666665
3027,340.58750000000003,213.21666666666667
3028,339.57500000000005,212.98333333333335
3029,338.375,212.68333333333334
3030,336.975,212.26666666666668
3031,335.9875,211.9666666666667
3032,334.8,211.55
3033,333.4375,211.03333333333333
3034,332.475,210.65
3035,331.32500000000005,210.15
3036,330.1625,209.61666666666667
3037,329.0625,209.0666666666667
3038,327.95000000000005,208.51666666666668
3039,326.6875,207.83333333333334
3040,325.8,207.33333333333334
3041,324.76250000000005,206.70000000000002
3042,323.57500000000005,205.9666666666667
3043,322.725,205.43333333333334
3044,321.725,204.78333333333333
3045,320.58750000000003,204.05
3046,319.8125,203.51666666666668
3047,318.9125,202.88333333333333
3048,317.9125,202.15
3049,317.225,201.61666666666667
3050,316.4125,201.0
3051,315.5,200.26666666666668
3052,314.8625,199.76666666666668
3053,314.1375,199.16666666666669
3054,313.33750000000003,198.48333333333335
3055,312.7875,198.01666666666668
3056,312.1875,197.48333333333335
3057,311.52500000000003,196.85000000000002
3058,311.1,196.43333333333334
3059,310.6,195.93333333333334
3060,310.1375,195.45000000000002
3061,309.71250000000003,194.98333333333335
3062,309.3,194.55
3063,308.875,194.05
3064,308.6,193.7166666666667
3065,308.2875,193.3166666666667
3066,307.975,192.88333333333333
3067,307.7625,192.58333333333334
3068,307.5375,192.23333333333335
3069,307.3,191.85000000000002
3070,307.1375,191.58333333333334
3071,306.96250000000003,191.3
3072,306.7875,190.9666666666667
3073,306.6625,190.73333333333335
3074,306.5125,190.48333333333335
3075,306.3625,190.18333333333334
3076,306.2625,189.98333333333335
3077,306.1375,189.75
3078,306.0125,189.48333333333335
3079,305.925,189.3
3080,305.8125,189.0666666666667
3081,305.7,188.83333333333334
3082,305.625,188.65
3083,305.52500000000003,188.45000000000002
3084,305.425,188.2166666666667
3085,305.35,188.05
3086,305.27500000000003,187.86666666666667
3087,305.175,187.65
3088,305.1125,187.5
3089,305.0375,187.3166666666667
3090,304.96250000000003,187.11666666666667
3091,304.90000000000003,186.98333333333335
3092,304.83750000000003,186.8166666666667
3093,304.77500000000003,186.61666666666667
3094,304.725,186.48333333333335
3095,304.675,186.33333333333334
3096,304.6125,186.15
3097,304.575,186.03333333333333
3098,304.5375,185.88333333333333
3099,304.4875,185.7166666666667
3100,304.45,185.60000000000002
3101,304.4125,185.4666666666667
3102,304.375,185.3
3103,304.33750000000003,185.20000000000002
3104,304.3125,185.0666666666667
3105,304.27500000000003,184.91666666666669
3106,304.25,184.8166666666667
3107,304.21250000000003,184.68333333333334
3108,304.1875,184.53333333333333
3109,304.1625,184.43333333333334
3110,304.125,184.3
3111,304.1,184.11666666666667
3112,304.075,184.0
3113,304.0375,183.83333333333334
3114,304.0,183.63333333333333
3115,303.975,183.48333333333335
3116,303.95,183.3
3117,303.9125,183.10000000000002
3118,303.875,182.9
3119,303.85,182.70000000000002
3120,303.8125,182.45000000000002
3121,303.7875,182.26666666666668
3122,303.7625,182.03333333333333
3123,303.7375,181.76666666666668
3124,303.725,181.58333333333334
3125,303.7,181.33333333333334
3126,303.6875,181.08333333333334
3127,303.675,180.83333333333334
3128,303.6875,180.60000000000002
3129,303.7,180.35000000000002
3130,303.725,180.13333333333333
3131,303.75,179.9
3132,303.77500000000003,179.65
3133,303.7875,179.4666666666667
3134,303.8125,179.25
3135,303.83750000000003,179.05
3136,303.8625,178.85000000000002
3137,303.8875,178.65
3138,303.9125,178.43333333333334
3139,303.9375,178.28333333333333
3140,303.96250000000003,178.10000000000002
3141,304.0,177.88333333333333
3142,304.02500000000003,177.75
3143,304.0625,177.5666666666667
3144,304.1,177.35000000000002
3145,304.125,177.20000000000002
3146,304.1625,177.01666666666668
3147,304.2,176.8
3148,304.2375,176.63333333333333
3149,304.2875,176.41666666666669
3150,304.33750000000003,176.16666666666669
3151,304.3875,175.98333333333335
3152,304.4375,175.73333333333335
3153,304.4875,175.51666666666668
3154,304.55,175.28333333333333
3155,304.6125,175.05
3156,304.6875,174.8
3157,304.75,174.55
3158,304.825,174.3
3159,304.90000000000003,174.05
3160,304.9875,173.8
3161,305.075,173.53333333333333
3162,305.175,173.28333333333333
3163,305.27500000000003,173.01666666666668
3164,305.375,172.75
3165,305.5,172.4666666666667
3166,305.6125,172.23333333333335
3167,305.75,171.98333333333335
3168,305.8875,171.75
3169,306.0375,171.53333333333333
3170,306.1875,171.3166666666667
3171,306.35,171.11666666666667
3172,306.5,170.93333333333334
3173,306.6375,170.73333333333335
3174,306.77500000000003,170.55
3175,306.9125,170.36666666666667
3176,307.05,170.20000000000002
3177,307.175,170.01666666666668
3178,307.3,169.85000000000002
3179,307.4125,169.68333333333334
3180,307.5375,169.51666666666668
3181,307.65000000000003,169.36666666666667
3182,307.7625,169.2166666666667
3183,307.875,169.0666666666667
3184,307.9875,168.91666666666669
3185,308.1,168.76666666666668
3186,308.2,168.61666666666667
3187,308.3125,168.48333333333335
3188,308.4125,168.33333333333334
3189,308.52500000000003,168.18333333333334
3190,308.6375,168.03333333333333
3191,308.75,167.86666666666667
3192,308.8625,167.7166666666667
3193,308.9875,167.55
3194,309.125,167.36666666666667
3195,309.25,167.18333333333334
3196,309.3875,167.0
3197,309.5375,166.8
3198,309.6875,166.58333333333334
3199,309.83750000000003,166.38333333333333
3200,309.9875,166.16666666666669
3201,310.15000000000003,165.93333333333334
3202,310.3125,165.70000000000002
3203,310.475,165.4666666666667
3204,310.6375,165.2166666666667
3205,310.8125,164.9666666666667
3206,310.9875,164.7166666666667
3207,311.175,164.45000000000002
3208,311.3625,164.16666666666669
3209,311.55,163.88333333333333
3210,311.7375,163.60000000000002
3211,311.9375,163.3
3212,312.1375,163.0
3213,312.33750000000003,162.68333333333334
3214,312.55,162.36666666666667
3215,312.75,162.03333333333333
3216,312.96250000000003,161.70000000000002
3217,313.1875,161.36666666666667
3218,313.40000000000003,161.0
3219,313.625,160.65
3220,313.8625,160.28333333333333
3221,314.1,159.91666666666669
3222,314.33750000000003,159.53333333333333
3223,314.575,159.13333333333333
3224,314.825,158.75
3225,315.075,158.33333333333334
3226,315.33750000000003,157.91666666666669
3227,315.58750000000003,157.5
3228,315.85,157.05
3229,316.1,156.61666666666667
3230,316.3625,156.15
3231,316.625,155.66666666666669
3232,316.8875,155.18333333333334
3233,317.1375,154.68333333333334
3234,317.3875,154.15
3235,317.625,153.61666666666667
3236,317.83750000000003,153.0666666666667
3237,318.0375,152.51666666666668
3238,318.225,151.95000000000002
3239,318.375,151.38333333333333
3240,318.52500000000003,150.8166666666667
3241,318.65000000000003,150.23333333333332
3242,318.76250000000005,149.65
3243,318.85,149.0666666666667
3244,318.9375,148.48333333333332
3245,319.01250000000005,147.88333333333333
3246,319.1125,147.3
3247,319.21250000000003,146.71666666666667
3248,319.32500000000005,146.15
3249,319.46250000000003,145.5666666666667
3250,319.6,144.98333333333332
3251,319.76250000000005,144.41666666666669
3252,319.925,143.83333333333334
3253,320.1,143.26666666666668
3254,320.2875,142.70000000000002
3255,320.475,142.13333333333333
3256,320.6625,141.5666666666667
3257,320.8625,140.98333333333332
3258,321.0625,140.4
3259,321.26250000000005,139.8
3260,321.475,139.18333333333334
3261,321.70000000000005,138.5666666666667
3262,321.925,137.95000000000002
3263,322.1625,137.3166666666667
3264,322.40000000000003,136.68333333333334
3265,322.6625,136.03333333333333
3266,322.925,135.38333333333333
3267,323.20000000000005,134.7166666666667
3268,323.4875,134.03333333333333
3269,323.77500000000003,133.35000000000002
3270,324.0625,132.66666666666669
3271,324.3625,131.9666666666667
3272,324.6625,131.25
3273,324.975,130.53333333333333
3274,325.2875,129.81666666666666
3275,325.6125,129.08333333333331
3276,325.9375,128.31666666666666
3277,326.27500000000003,127.55000000000001
3278,326.625,126.76666666666668
3279,326.975,125.98333333333333
3280,327.33750000000003,125.16666666666669
3281,327.70000000000005,124.33333333333333
3282,328.0625,123.5
3283,328.4375,122.65
3284,328.8,121.76666666666668
3285,329.175,120.88333333333333
3286,329.5375,119.98333333333333
3287,329.9125,119.06666666666668
3288,330.2875,118.11666666666667
3289,330.65000000000003,117.16666666666669
3290,331.02500000000003,116.2
3291,331.40000000000003,115.21666666666668
3292,331.76250000000005,114.21666666666668
3293,332.125,113.21666666666668
3294,332.4875,112.23333333333333
3295,332.85,111.23333333333333
3296,333.21250000000003,110.23333333333335
3297,333.5625,109.25
3298,333.925,108.26666666666667
3299,334.27500000000003,107.28333333333335
3300,334.625,106.30000000000001
3301,334.975,105.31666666666666
3302,335.32500000000005,104.33333333333334
3303,335.675,103.35000000000001
3304,336.01250000000005,102.38333333333334
3305,336.35,101.4
3306,336.6875,100.43333333333334
3307,337.01250000000005,99.46666666666667
3308,337.32500000000005,98.48333333333335
3309,337.63750000000005,97.51666666666667
3310,337.9375,96.55000000000001
3311,338.2375,95.58333333333334
3312,338.51250000000005,94.61666666666667
3313,338.8,93.63333333333334
3314,339.0625,92.66666666666667
3315,339.32500000000005,91.7
3316,339.58750000000003,90.73333333333335
3317,339.82500000000005,89.76666666666667
3318,340.07500000000005,88.80000000000001
3319,340.3,87.85000000000001
3320,340.5375,86.88333333333334
3321,340.75,85.91666666666667
3322,340.96250000000003,84.95
3323,341.175,84.0
3324,341.375,83.05
3325,341.57500000000005,82.08333333333334
3326,341.76250000000005,81.13333333333334
3327,341.95000000000005,80.18333333333334
3328,342.125,79.23333333333333
3329,342.2875,78.28333333333335
3330,342.46250000000003,77.33333333333334
3331,342.6125,76.38333333333334
3332,342.76250000000005,75.43333333333334
3333,342.9125,74.48333333333333
3334,343.0625,73.55
3335,343.20000000000005,72.61666666666666
3336,343.32500000000005,71.66666666666666
3337,343.45000000000005,70.73333333333335
3338,343.57500000000005,69.80000000000001
3339,343.6875,68.86666666666667
3340,343.8,67.93333333333334
3341,343.90000000000003,67.0
3342,344.0,66.06666666666666
3343,344.1,65.15
3344,344.1875,64.21666666666667
3345,344.26250000000005,63.300000000000004
3346,344.35,62.38333333333334
3347,344.425,61.46666666666667
3348,344.4875,60.550000000000004
3349,344.5625,59.63333333333334
3350,344.625,58.71666666666667
3351,344.675,57.800000000000004
3352,344.7375,56.900000000000006
3353,344.7875,55.983333333333334
3354,344.83750000000003,55.083333333333336
3355,344.88750000000005,54.18333333333334
3356,344.925,53.28333333333333
3357,344.96250000000003,52.38333333333333
3358,345.0,51.483333333333334
3359,345.02500000000003,50.6
3360,345.05,49.7
3361,345.07500000000005,48.81666666666667
3362,345.1,47.91666666666667
3363,345.125,47.03333333333333
3364,345.13750000000005,46.15
3365,345.15000000000003,45.26666666666667
3366,345.1625,44.4
3367,345.1625,43.51666666666667
3368,345.175,42.63333333333333
3369,345.175,41.76666666666667
3370,345.175,40.9
3371,345.175,40.03333333333333
3372,345.1625,39.16666666666667
3373,345.1625,38.3
3374,345.15000000000003,37.43333333333334
3375,345.13750000000005,36.58333333333333
3376,345.1125,35.71666666666667
3377,345.1,34.866666666666674
3378,345.07500000000005,34.016666666666666
3379,345.0625,33.150000000000006
3380,345.0375,32.31666666666666
3381,345.01250000000005,31.46666666666667
3382,344.975,30.616666666666667
3383,344.95000000000005,29.766666666666666
3384,344.9125,28.933333333333337
3385,344.88750000000005,28.1
3386,344.85,27.25
3387,344.8,26.416666666666668
3388,344.76250000000005,25.583333333333336
3389,344.71250000000003,24.766666666666666
3390,344.6625,23.933333333333337
3391,344.6125,23.1
3392,344.55,22.283333333333335
3393,344.4875,21.46666666666667
3394,344.425,20.633333333333333
3395,344.35,19.81666666666667
3396,344.27500000000003,19.016666666666666
3397,344.20000000000005,18.200000000000003
3398,344.125,17.383333333333333
3399,344.0375,16.583333333333336
3400,343.95000000000005,15.766666666666667
3401,343.8625,14.966666666666669
3402,343.77500000000003,14.166666666666668
3403,343.675,13.366666666666667
3404,343.57500000000005,12.566666666666666
3405,343.475,11.783333333333333
3406,343.375,10.983333333333334
3407,343.26250000000005,10.2
3408,343.15000000000003,9.4
3409,343.0375,8.616666666666667
3410,342.925,7.833333333333333
3411,342.8,7.066666666666666
3412,342.675,6.283333333333333
3413,342.55,5.5
3414,342.425,4.733333333333333
3415,342.2875,3.966666666666666
3416,342.13750000000005,3.1499999999999995
3417,342.0,2.416666666666666
3418,341.8625,1.666666666666666
3419,341.71250000000003,0.8999999999999995
3420,341.5625,0.13333333333333286
3421,341.40000000000003,-0.6166666666666671
3422,341.25,-1.3666666666666671
3423,341.08750000000003,-2.133333333333333
3424,340.925,-2.883333333333333
3425,340.76250000000005,-3.616666666666667
3426,340.6,-4.366666666666667
3427,340.4375,-5.116666666666667
3428,340.27500000000003,-5.850000000000001
3429,340.1,-6.600000000000001
3430,339.9375,-7.333333333333336
3431,339.76250000000005,-8.066666666666666
3432,339.6,-8.816666666666666
3433,339.425,-9.533333333333335
3434,339.25,-10.266666666666666
3435,339.07500000000005,-11.0
3436,338.90000000000003,-11.75
3437,338.725,-12.466666666666669
3438,338.55,-13.200000000000003
3439,338.375,-13.916666666666668
3440,338.1875,-14.633333333333336
3441,338.01250000000005,-15.350000000000001
3442,337.82500000000005,-16.083333333333336
3443,337.625,-16.8
3444,337.4375,-17.516666666666666
3445,337.225,-18.25
3446,337.02500000000003,-18.96666666666667
3447,336.8,-19.700000000000003
3448,336.57500000000005,-20.41666666666667
3449,336.33750000000003,-21.150000000000002
3450,336.1,-21.86666666666667
3451,335.83750000000003,-22.6
3452,335.58750000000003,-23.31666666666667
3453,335.3125,-24.050000000000004
3454,335.0375,-24.766666666666673
3455,334.75,-25.5
3456,334.46250000000003,-26.233333333333334
3457,334.1625,-26.96666666666667
3458,333.85,-27.700000000000003
3459,333.52500000000003,-28.43333333333333
3460,333.20000000000005,-29.16666666666667
3461,332.8625,-29.9
3462,332.51250000000005,-30.650000000000006
3463,332.1625,-31.400000000000006
3464,331.8,-32.13333333333333
3465,331.425,-32.88333333333333
3466,331.05,-33.63333333333333
3467,330.65000000000003,-34.38333333333333
3468,330.25,-35.13333333333333
3469,329.83750000000003,-35.900000000000006
3470,329.4125,-36.650000000000006
3471,328.9875,-37.400000000000006
3472,328.5375,-38.150000000000006
3473,328.07500000000005,-38.91666666666667
3474,327.58750000000003,-39.68333333333334
3475,327.1,-40.43333333333334
3476,326.58750000000003,-41.2
3477,326.0625,-41.96666666666667
3478,325.51250000000005,-42.733333333333334
3479,324.95000000000005,-43.5
3480,324.3625,-44.266666666666666
3481,323.76250000000005,-45.03333333333334
3482,323.15000000000003,-45.78333333333334
3483,322.51250000000005,-46.550000000000004
3484,321.8625,-47.300000000000004
3485,321.1875,-48.03333333333334
3486,320.51250000000005,-48.75
3487,319.82500000000005,-49.46666666666667
3488,319.13750000000005,-50.166666666666664
3489,318.425,-50.85
3490,317.71250000000003,-51.516666666666666
3491,316.975,-52.166666666666664
3492,316.2375,-52.800000000000004
3493,315.5,-53.43333333333334
3494,314.7375,-54.03333333333334
3495,313.975,-54.63333333333334
3496,313.21250000000003,-55.2
3497,312.425,-55.766666666666666
3498,311.65000000000003,-56.3
3499,310.85,-56.83333333333334
3500,310.05,-57.35000000000001
3501,309.2375,-57.83333333333334
3502,308.425,-58.31666666666666
3503,307.6125,-58.783333333333346
3504,306.7875,-59.21666666666667
3505,305.95,-59.650000000000006
3506,305.1125,-60.06666666666666
3507,304.27500000000003,-60.45
3508,303.425,-60.83333333333334
3509,302.575,-61.18333333333334
3510,301.71250000000003,-61.533333333333346
3511,300.85,-61.86666666666666
3512,299.975,-62.18333333333334
3513,299.1,-62.483333333333334
3514,298.21250000000003,-62.766666666666666
3515,297.2875,-63.05
3516,296.3875,-63.31666666666666
3517,295.4875,-63.56666666666666
3518,294.575,-63.81666666666666
3519,293.65000000000003,-64.03333333333335
3520,292.725,-64.25
3521,291.7875,-64.46666666666667
3522,290.825,-64.65
3523,289.8625,-64.83333333333334
3524,288.875,-65.01666666666667
3525,287.8875,-65.16666666666667
3526,286.8875,-65.31666666666666
3527,285.8625,-65.45
3528,284.83750000000003,-65.56666666666666
3529,283.7875,-65.66666666666667
3530,282.725,-65.75
3531,281.6625,-65.83333333333334
3532,280.58750000000003,-65.88333333333334
3533,279.4875,-65.91666666666667
3534,278.3875,-65.95
3535,277.27500000000003,-65.95
3536,276.25,-65.93333333333334
3537,275.0125,-65.9
3538,273.85,-65.85000000000001
3539,272.7,-65.78333333333335
3540,271.52500000000003,-65.7
3541,270.33750000000003,-65.60000000000001
3542,269.1375,-65.48333333333333
3543,267.9375,-65.35000000000001
3544,266.725,-65.21666666666667
3545,265.5,-65.05
3546,264.26250000000005,-64.88333333333334
3547,263.01250000000005,-64.7
3548,261.76250000000005,-64.51666666666667
3549,260.4875,-64.31666666666666
3550,259.2125,-64.11666666666666
3551,257.9125,-63.900000000000006
3552,256.6125,-63.66666666666667
3553,255.3,-63.43333333333334
3554,253.97500000000002,-63.18333333333334
3555,252.63750000000002,-62.91666666666667
3556,251.28750000000002,-62.650000000000006
3557,249.925,-62.38333333333334
3558,248.5625,-62.10000000000001
3559,247.175,-61.8
3560,245.78750000000002,-61.5
3561,244.38750000000002,-61.2
3562,242.97500000000002,-60.900000000000006
3563,241.55,-60.58333333333334
3564,240.1125,-60.266666666666666
3565,238.675,-59.95
3566,237.20000000000002,-59.61666666666666
3567,235.75,-59.283333333333346
3568,234.26250000000002,-58.95
3569,232.775,-58.61666666666666
3570,231.275,-58.283333333333346
3571,229.76250000000002,-57.93333333333334
3572,228.2375,-57.58333333333334
3573,226.7125,-57.233333333333334
3574,225.13750000000002,-56.86666666666666
3575,223.6125,-56.516666666666666
3576,222.03750000000002,-56.150000000000006
3577,220.4625,-55.78333333333334
3578,218.875,-55.416666666666664
3579,217.275,-55.050000000000004
3580,215.66250000000002,-54.68333333333334
3581,214.05,-54.31666666666666
3582,212.4375,-53.93333333333334
3583,210.8125,-53.56666666666666
3584,209.1875,-53.2
3585,207.55,-52.81666666666666
3586,205.9,-52.43333333333334
3587,204.25,-52.050000000000004
3588,202.57500000000002,-51.666666666666664
3589,200.91250000000002,-51.28333333333334
3590,199.22500000000002,-50.900000000000006
3591,197.53750000000002,-50.516666666666666
3592,195.8375,-50.11666666666667
3593,194.125,-49.73333333333334
3594,192.4,-49.35
3595,190.675,-48.95
3596,188.9375,-48.56666666666666
3597,187.1875,-48.18333333333334
3598,185.4375,-47.78333333333334
3599,183.675,-47.400000000000006
3600,181.9,-47.016666666666666
3601,180.1125,-46.61666666666667
3602,178.32500000000002,-46.23333333333334
3603,176.525,-45.85
3604,174.7125,-45.45
3605,172.9,-45.06666666666666
3606,171.0625,-44.666666666666664
3607,169.2375,-44.266666666666666
3608,167.4,-43.88333333333334
3609,165.55,-43.48333333333334
3610,163.6875,-43.083333333333336
3611,161.85,-42.68333333333334
3612,160.0,-42.28333333333333
3613,158.1625,-41.88333333333333
3614,156.32500000000002,-41.483333333333334
3615,154.475,-41.083333333333336
3616,152.6625,-40.7
3617,150.8375,-40.300000000000004
3618,149.025,-39.900000000000006
3619,147.225,-39.51666666666667
3620,145.425,-39.116666666666674
3621,143.63750000000002,-38.71666666666667
3622,141.8625,-38.333333333333336
3623,140.1,-37.93333333333334
3624,138.3375,-37.550000000000004
3625,136.60000000000002,-37.150000000000006
3626,134.8625,-36.75
3627,133.1375,-36.35
3628,131.425,-35.93333333333334
3629,129.72500000000002,-35.51666666666667
3630,128.03750000000002,-35.1
3631,126.36250000000001,-34.68333333333334
3632,124.7,-34.25
3633,123.0625,-33.833333333333336
3634,121.42500000000001,-33.38333333333333
3635,119.8125,-32.95
3636,118.2125,-32.5
3637,116.625,-32.050000000000004
3638,115.05000000000001,-31.583333333333336
3639,113.48750000000001,-31.1
3640,111.95,-30.616666666666674
3641,110.41250000000001,-30.116666666666667
3642,108.8875,-29.6
3643,107.375,-29.06666666666667
3644,105.875,-28.53333333333333
3645,104.3875,-27.96666666666667
3646,102.9,-27.4
3647,101.4375,-26.81666666666667
3648,99.97500000000001,-26.21666666666667
3649,98.525,-25.616666666666667
3650,97.0875,-24.983333333333334
3651,95.65,-24.366666666666667
3652,94.23750000000001,-23.733333333333334
3653,92.8375,-23.083333333333332
3654,91.4375,-22.41666666666667
3655,90.05000000000001,-21.75
3656,88.67500000000001,-21.06666666666667
3657,87.3125,-20.383333333333333
3658,85.9625,-19.683333333333334
3659,84.625,-18.96666666666667
3660,83.28750000000001,-18.25
3661,81.97500000000001,-17.5
3662,80.6875,-16.75
3663,79.4,-15.983333333333334
3664,78.1375,-15.200000000000003
3665,76.8875,-14.383333333333336
3666,75.66250000000001,-13.566666666666666
3667,74.45,-12.733333333333334
3668,73.275,-11.866666666666667
3669,72.11250000000001,-10.983333333333334
3670,70.9625,-10.083333333333336
3671,69.85,-9.166666666666668
3672,68.7625,-8.233333333333334
3673,67.6875,-7.283333333333335
3674,66.6375,-6.300000000000001
3675,65.61250000000001,-5.316666666666666
3676,64.61250000000001,-4.316666666666668
3677,63.6375,-3.283333333333333
3678,62.6625,-2.2333333333333343
3679,61.712500000000006,-1.1666666666666679
3680,60.7875,-0.08333333333333393
3681,59.875,1.0166666666666666
3682,58.987500000000004,2.133333333333333
3683,58.112500000000004,3.2666666666666666
3684,57.275000000000006,4.4
3685,56.462500000000006,5.55
3686,55.675000000000004,6.7
3687,54.9125,7.866666666666666
3688,54.175000000000004,9.033333333333333
3689,53.462500000000006,10.216666666666667
3690,52.775000000000006,11.416666666666666
3691,52.112500000000004,12.616666666666667
3692,51.487500000000004,13.816666666666666
3693,50.875,15.033333333333333
3694,50.300000000000004,16.25
3695,49.7,17.583333333333336
3696,49.2125,18.71666666666667
3697,48.7125,19.950000000000003
3698,48.237500000000004,21.21666666666667
3699,47.775,22.46666666666667
3700,47.3375,23.733333333333334
3701,46.925000000000004,24.983333333333334
3702,46.525,26.25
3703,46.1375,27.516666666666666
3704,45.7625,28.766666666666666
3705,45.4,30.033333333333335
3706,45.0375,31.283333333333335
3707,44.6875,32.53333333333333
3708,44.35,33.78333333333333
3709,44.0125,35.03333333333333
3710,43.675000000000004,36.28333333333333
3711,43.35,37.53333333333333
3712,43.0375,38.78333333333333
3713,42.725,40.050000000000004
3714,42.4125,41.31666666666667
3715,42.1,42.6
3716,41.8,43.9
3717,41.5125,45.2
3718,41.225,46.51666666666667
3719,40.95,47.85
3720,40.6875,49.2
3721,40.425,50.550000000000004
3722,40.1625,51.93333333333334
3723,39.925,53.31666666666667
3724,39.6875,54.71666666666667
3725,39.462500000000006,56.13333333333333
3726,39.2375,57.550000000000004
3727,39.025000000000006,59.0
3728,38.8125,60.46666666666667
3729,38.6,61.95
3730,38.400000000000006,63.46666666666667
3731,38.212500000000006,64.98333333333335
3732,38.0125,66.51666666666667
3733,37.825,68.06666666666666
3734,37.650000000000006,69.63333333333334
3735,37.475,71.21666666666667
3736,37.3,72.83333333333334
3737,37.150000000000006,74.4
3738,36.9875,76.0
3739,36.837500000000006,77.61666666666666
3740,36.7,79.23333333333333
3741,36.5625,80.88333333333334
3742,36.4375,82.53333333333335
3743,36.3125,84.2
3744,36.1875,85.88333333333334
3745,36.075,87.56666666666666
3746,35.962500000000006,89.28333333333335
3747,35.85,91.0
3748,35.75,92.73333333333335
3749,35.6625,94.48333333333335
3750,35.575,96.25
3751,35.4875,98.01666666666667
3752,35.400000000000006,99.80000000000001
3753,35.325,101.60000000000001
3754,35.2625,103.41666666666667
3755,35.1875,105.23333333333335
3756,35.1375,107.08333333333334
3757,35.087500000000006,108.93333333333334
3758,35.0375,110.78333333333333
3759,34.9875,112.68333333333334
3760,34.95,114.56666666666668
3761,34.925,116.45
3762,34.900000000000006,118.36666666666667
3763,34.8875,120.30000000000001
3764,34.875,122.23333333333333
3765,34.875,124.18333333333334
3766,34.875,126.15
3767,34.875,128.11666666666667
3768,34.900000000000006,130.11666666666667
3769,34.925,132.10000000000002
3770,34.95,134.11666666666667
3771,34.9875,136.13333333333333
3772,35.025000000000006,138.16666666666669
3773,35.087500000000006,140.21666666666667
3774,35.150000000000006,142.25
3775,35.212500000000006,144.3166666666667
3776,35.2875,146.38333333333333
3777,35.375,148.45000000000002
3778,35.462500000000006,150.53333333333333
3779,35.5625,152.63333333333333
3780,35.6625,154.73333333333332
3781,35.775000000000006,156.85
3782,35.900000000000006,158.98333333333332
3783,36.025000000000006,161.11666666666667
3784,36.1625,163.26666666666668
3785,36.3125,165.41666666666669
3786,36.462500000000006,167.60000000000002
3787,36.625,169.76666666666668
3788,36.8,171.9666666666667
3789,36.975,174.16666666666669
3790,37.1625,176.36666666666667
3791,37.3625,178.58333333333334
3792,37.575,180.8166666666667
3793,37.7875,183.03333333333333
3794,38.0125,185.26666666666668
3795,38.25,187.5
3796,38.4875,189.73333333333335
3797,38.725,191.9666666666667
3798,38.9875,194.2166666666667
3799,39.2375,196.48333333333335
3800,39.5125,198.76666666666668
3801,39.7875,201.03333333333333
3802,40.0625,203.3166666666667
3803,40.3625,205.60000000000002
3804,40.6625,207.9
3805,40.975,210.2166666666667
3806,41.3,212.53333333333333
3807,41.625,214.85000000000002
3808,41.962500000000006,217.18333333333337
3809,42.325,219.51666666666665
3810,42.6875,221.85000000000002
3811,43.075,224.18333333333337
3812,43.487500000000004,226.53333333333336
3813,43.9,228.86666666666667
3814,44.3375,231.21666666666667
3815,44.7875,233.58333333333337
3816,45.2625,235.93333333333337
3817,45.800000000000004,238.53333333333336
3818,46.2625,240.70000000000002
3819,46.800000000000004,243.08333333333337
3820,47.3375,245.45000000000002
3821,47.8875,247.83333333333337
3822,48.4625,250.23333333333335
3823,49.050000000000004,252.61666666666667
3824,49.650000000000006,255.01666666666665
3825,50.25,257.41666666666663
3826,50.862500000000004,259.83333333333337
3827,51.5,262.25
3828,52.125,264.6666666666667
3829,52.775000000000006,267.1
3830,53.4125,269.53333333333336
3831,54.075,271.98333333333335
3832,54.725,274.43333333333334
3833,55.3875,276.8833333333334
3834,56.0625,279.35
3835,56.75,281.81666666666666
3836,57.425000000000004,284.28333333333336
3837,58.125,286.76666666666665
3838,58.8125,289.26666666666665
3839,59.5125,291.75
3840,60.212500000000006,294.25
3841,60.9125,296.76666666666665
3842,61.612500000000004,299.28333333333336
3843,62.300000000000004,301.81666666666666
3844,62.987500000000004,304.35
3845,63.675000000000004,306.90000000000003
3846,64.35,309.46666666666664
3847,65.0375,312.03333333333336
3848,65.7125,314.6
3849,66.375,317.1833333333334
3850,67.0625,319.76666666666665
3851,67.73750000000001,322.3666666666667
3852,68.42500000000001,324.9666666666667
3853,69.11250000000001,327.56666666666666
3854,69.8125,330.1833333333334
3855,70.525,332.8
3856,71.23750000000001,335.4166666666667
3857,71.9625,338.05
3858,72.6875,340.6833333333334
3859,73.42500000000001,343.31666666666666
3860,74.1625,345.9666666666667
3861,74.9,348.6166666666667
3862,75.6375,351.25
3863,76.375,353.8833333333334
3864,77.0875,356.5
3865,77.8375,359.20000000000005
3866,78.4625,361.5
3867,79.15,364.03333333333336
3868,79.8125,366.51666666666665
3869,80.45,368.9666666666667
3870,81.0875,371.3833333333334
3871,81.7,373.75
3872,82.3,376.08333333333337
3873,82.875,378.3666666666667
3874,83.45,380.6166666666667
3875,84.0,382.83333333333337
3876,84.55,385.0
3877,85.075,387.1333333333334
3878,85.7125,389.6833333333334
3879,86.16250000000001,391.51666666666665
3880,86.575,393.1833333333334
3881,87.05,395.1666666666667
3882,87.60000000000001,397.4333333333334
3883,87.98750000000001,399.01666666666665
3884,88.42500000000001,400.8666666666667
3885,88.92500000000001,403.0
3886,89.275,404.48333333333335
3887,89.67500000000001,406.23333333333335
3888,90.125,408.23333333333335
3889,90.42500000000001,409.6166666666667
3890,90.775,411.26666666666665
3891,91.16250000000001,413.1333333333334
3892,91.42500000000001,414.4333333333334
3893,91.7125,415.9666666666667
3894,92.03750000000001,417.7166666666667
3895,92.25,418.95000000000005
3896,92.47500000000001,420.3833333333333
3897,92.7125,422.0333333333333
3898,92.85000000000001,423.20000000000005
3899,93.0,424.5833333333333
3900,93.11250000000001,426.18333333333334
3901,93.17500000000001,427.3333333333333
3902,93.22500000000001,428.70000000000005
3903,93.22500000000001,430.2833333333333
3904,93.2125,431.40000000000003
3905,93.16250000000001,432.75
3906,93.05000000000001,434.3166666666667
3907,92.95,435.41666666666674
3908,92.8125,436.73333333333335
3909,92.60000000000001,438.25
3910,92.42500000000001,439.3333333333333
3911,92.1875,440.61666666666673
3912,91.875,442.11666666666673
3913,91.625,443.16666666666674
3914,91.30000000000001,444.45000000000005
3915,90.875,445.95000000000005
3916,90.53750000000001,447.0166666666667
3917,90.10000000000001,448.3
3918,89.5625,449.7833333333333
3919,89.1375,450.85
3920,88.61250000000001,452.11666666666673
3921,87.95,453.6
3922,87.4375,454.6333333333333
3923,86.8125,455.8833333333333
3924,86.10000000000001,457.18333333333334
3925,85.4,458.40000000000003
3926,84.66250000000001,459.6
3927,83.9,460.7833333333333
3928,83.0625,461.98333333333335
3929,82.28750000000001,463.0333333333333
3930,81.45,464.11666666666673
3931,80.60000000000001,465.18333333333334
3932,79.72500000000001,466.23333333333335
3933,78.85000000000001,467.2666666666667
3934,77.9625,468.3
3935,77.075,469.3166666666667
3936,76.1875,470.3333333333333
3937,75.275,471.36666666666673
3938,74.36250000000001,472.40000000000003
3939,73.4125,473.43333333333334
3940,72.45,474.4666666666667
3941,71.4625,475.5
3942,70.4625,476.5333333333333
3943,69.42500000000001,477.5666666666667
3944,68.36250000000001,478.6
3945,67.2875,479.61666666666673
3946,66.17500000000001,480.6333333333333
3947,65.025,481.6333333333333
3948,63.862500000000004,482.6333333333333
3949,62.675000000000004,483.61666666666673
3950,61.45,484.5833333333333
3951,60.2,485.5333333333333
3952,58.925000000000004,486.4666666666667
3953,57.6375,487.3833333333333
3954,56.337500000000006,488.25
3955,55.0,489.1
3956,53.7,489.90000000000003
3957,52.375,490.68333333333334
3958,51.025000000000006,491.41666666666674
3959,49.675000000000004,492.1333333333333
3960,48.325,492.8166666666667
3961,46.9625,493.4666666666667
3962,45.5875,494.1
3963,44.15,494.7166666666667
3964,42.837500000000006,495.25
3965,41.45,495.7666666666667
3966,40.0625,496.2666666666667
3967,38.675,496.7166666666667
3968,37.2875,497.15000000000003
3969,35.8875,497.5333333333333
3970,34.4875,497.8833333333333
3971,33.1,498.20000000000005
3972,31.700000000000003,498.48333333333335
3973,30.3,498.7166666666667
3974,28.9125,498.93333333333334
3975,27.5125,499.1
3976,26.0375,499.25
3977,24.75,499.35
3978,23.3625,499.43333333333334
3979,22.0,499.48333333333335
3980,20.637500000000003,499.5166666666667
3981,19.2875,499.5166666666667
3982,17.925,499.48333333333335
3983,16.575,499.41666666666674
3984,15.2125,499.35
3985,13.85,499.2666666666667
3986,12.4875,499.15000000000003
3987,11.1375,499.0166666666667
3988,9.7875,498.86666666666673
3989,8.45,498.68333333333334
3990,7.125,498.48333333333335
3991,5.8,498.2666666666667
3992,4.475,498.0333333333333
3993,3.1499999999999995,497.7833333333333
3994,1.8125,497.5333333333333
3995,0.47499999999999964,497.25
3996,-0.875,496.9666666666667
3997,-2.2125000000000004,496.66666666666674
3998,-3.575000000000001,496.3333333333333
3999,-4.925000000000001,496.0
4000,-6.300000000000001,495.65000000000003
4001,-7.675000000000001,495.2833333333333
4002,-9.0625,494.90000000000003
4003,-10.475000000000001,494.5166666666667
4004,-11.900000000000002,494.1333333333333
4005,-13.337500000000002,493.73333333333335
4006,-14.8,493.3333333333333
4007,-16.262500000000003,492.91666666666674
4008,-17.75,492.5
4009,-19.25,492.0833333333333
4010,-20.762500000000003,491.66666666666674
4011,-22.2875,491.23333333333335
4012,-23.8375,490.8
4013,-25.387500000000003,490.36666666666673
4014,-26.9625,489.93333333333334
4015,-28.550000000000004,489.5
4016,-30.150000000000006,489.05
4017,-31.775000000000006,488.61666666666673
4018,-33.400000000000006,488.18333333333334
4019,-35.025000000000006,487.7666666666667
4020,-36.6625,487.3333333333333
4021,-38.300000000000004,486.91666666666674
4022,-39.95,486.5
4023,-41.625,486.1
4024,-43.300000000000004,485.68333333333334
4025,-45.0,485.2833333333333
4026,-46.712500000000006,484.8833333333333
4027,-48.425000000000004,484.48333333333335
4028,-50.1625,484.1
4029,-51.900000000000006,483.7166666666667
4030,-53.66250000000001,483.3166666666667
4031,-55.425,482.95000000000005
4032,-57.212500000000006,482.5666666666667
4033,-59.0125,482.20000000000005
4034,-60.8125,481.8333333333333
4035,-62.66250000000001,481.45000000000005
4036,-64.4625,481.1
4037,-66.3125,480.75
4038,-68.16250000000001,480.41666666666674
4039,-70.03750000000001,480.0833333333333
4040,-71.91250000000001,479.75
4041,-73.8125,479.43333333333334
4042,-75.7125,479.1333333333333
4043,-77.6375,478.8166666666667
4044,-79.5625,478.5166666666667
4045,-81.5125,478.23333333333335
4046,-83.4625,477.93333333333334
4047,-85.42500000000001,477.65000000000003
4048,-87.4,477.35
4049,-89.375,477.05
4050,-91.375,476.73333333333335
4051,-93.375,476.40000000000003
4052,-95.3875,476.0666666666667
4053,-97.41250000000001,475.7166666666667
4054,-99.4375,475.36666666666673
4055,-101.47500000000001,474.98333333333335
4056,-103.5125,474.6
4057,-105.575,474.20000000000005
4058,-107.6375,473.8
4059,-109.7125,473.40000000000003
4060,-111.78750000000001,472.98333333333335
4061,-113.875,472.5666666666667
4062,-115.98750000000001,472.15000000000003
4063,-118.1,471.75
4064,-120.225,471.35
4065,-122.36250000000001,470.95000000000005
4066,-124.5,470.55
4067,-126.6625,470.16666666666674
4068,-128.82500000000002,469.7833333333333
4069,-131.01250000000002,469.40000000000003
4070,-133.20000000000002,469.0166666666667
4071,-135.4,468.65000000000003
4072,-137.6,468.2666666666667
4073,-139.82500000000002,467.90000000000003
4074,-142.05,467.5166666666667
4075,-144.275,467.1333333333333
4076,-146.525,466.75
4077,-148.75,466.36666666666673
4078,-150.9875,465.9666666666667
4079,-153.2375,465.5833333333333
4080,-155.4875,465.20000000000005
4081,-157.75,464.8
4082,-160.01250000000002,464.40000000000003
4083,-162.28750000000002,464.0166666666667
4084,-164.57500000000002,463.6333333333333
4085,-166.8625,463.23333333333335
4086,-169.16250000000002,462.86666666666673
4087,-171.47500000000002,462.48333333333335
4088,-173.78750000000002,462.1
4089,-176.1125,461.73333333333335
4090,-178.45000000000002,461.3833333333333
4091,-180.8,461.0166666666667
4092,-183.15,460.66666666666674
4093,-185.51250000000002,460.3166666666667
4094,-187.88750000000002,459.98333333333335
4095,-190.26250000000002,459.65000000000003
4096,-192.65,459.3166666666667
4097,-195.05,459.0
4098,-197.45000000000002,458.68333333333334
4099,-199.8625,458.35
4100,-202.28750000000002,458.0333333333333
4101,-204.7125,457.7166666666667
4102,-207.13750000000002,457.3833333333333
4103,-209.5875,457.05
4104,-212.03750000000002,456.7166666666667
4105,-214.4875,456.3833333333333
4106,-216.95000000000002,456.0333333333333
4107,-219.41250000000002,455.66666666666674
4108,-221.88750000000002,455.3
4109,-224.375,454.93333333333334
4110,-226.8625,454.55
4111,-229.35000000000002,454.16666666666674
4112,-231.85000000000002,453.7666666666667
4113,-234.35000000000002,453.36666666666673
4114,-236.85000000000002,452.9666666666667
4115,-239.32500000000002,452.55
4116,-241.75,452.15000000000003
4117,-244.13750000000002,451.75
4118,-246.7375,451.3
4119,-249.03750000000002,450.90000000000003
4120,-250.91250000000002,450.5666666666667
4121,-253.5125,450.1
4122,-255.7,449.7166666666667
4123,-257.4875,449.3833333333333
4124,-259.95,448.93333333333334
4125,-262.0125,448.5333333333333
4126,-263.71250000000003,448.2166666666667
4127,-266.05,447.75
4128,-268.0125,447.36666666666673
4129,-269.6125,447.0333333333333
4130,-271.8125,446.5666666666667
4131,-273.6625,446.16666666666674
4132,-275.175,445.8166666666667
4133,-277.2375,445.3333333333333
4134,-278.975,444.90000000000003
4135,-280.40000000000003,444.55
4136,-282.35,444.0166666666667
4137,-283.9875,443.5666666666667
4138,-285.325,443.16666666666674
4139,-287.1625,442.5833333333333
4140,-288.725,442.0666666666667
4141,-290.0125,441.61666666666673
4142,-291.7625,440.95000000000005
4143,-293.2375,440.36666666666673
4144,-294.4375,439.86666666666673
4145,-296.08750000000003,439.15000000000003
4146,-297.45000000000005,438.5333333333333
4147,-298.5625,438.0
4148,-300.08750000000003,437.23333333333335
4149,-301.35,436.5666666666667
4150,-302.375,435.98333333333335
4151,-303.77500000000003,435.1333333333333
4152,-304.96250000000003,434.3833333333333
4153,-305.925,433.73333333333335
4154,-307.2375,432.7833333333333
4155,-308.33750000000003,431.93333333333334
4156,-309.225,431.2166666666667
4157,-310.425,430.16666666666674
4158,-311.4375,429.23333333333335
4159,-312.25,428.45000000000005
4160,-313.375,427.3166666666667
4161,-314.3125,426.3
4162,-315.125,425.40000000000003
4163,-316.02500000000003,424.3333333333333
4164,-316.9125,423.25
4165,-317.76250000000005,422.1333333333333
4166,-318.6,421.0
4167,-319.40000000000003,419.85
4168,-320.1875,418.68333333333334
4169,-320.95000000000005,417.48333333333335
4170,-321.71250000000003,416.26666666666665
4171,-322.45000000000005,415.03333333333336
4172,-323.175,413.76666666666665
4173,-323.90000000000003,412.48333333333335
4174,-324.6125,411.1833333333334
4175,-325.32500000000005,409.8666666666667
4176,-326.0375,408.53333333333336
4177,-326.75,407.20000000000005
4178,-327.46250000000003,405.83333333333337
4179,-328.175,404.4666666666667
4180,-328.90000000000003,403.08333333333337
4181,-329.625,401.6833333333334
4182,-330.35,400.26666666666665
4183,-331.07500000000005,398.85
4184,-331.8125,397.40000000000003
4185,-332.5375,395.95000000000005
4186,-333.27500000000003,394.48333333333335
4187,-334.01250000000005,393.0
4188,-334.75,391.51666666666665
4189,-335.4875,390.0
4190,-336.21250000000003,388.48333333333335
4191,-336.95000000000005,386.95000000000005
4192,-337.675,385.3833333333334
4193,-338.40000000000003,383.81666666666666
4194,-339.125,382.23333333333335
4195,-339.83750000000003,380.6333333333334
4196,-340.55,379.01666666666665
4197,-341.25,377.3833333333334
4198,-341.95000000000005,375.73333333333335
4199,-342.63750000000005,374.08333333333337
4200,-343.3125,372.40000000000003
4201,-343.9875,370.70000000000005
4202,-344.65000000000003,368.98333333333335
4203,-345.3125,367.26666666666665
4204,-345.96250000000003,365.51666666666665
4205,-346.6,363.76666666666665
4206,-347.2375,362.0
4207,-347.8625,360.2166666666667
4208,-348.4875,358.4166666666667
4209,-349.1,356.6
4210,-349.71250000000003,354.78333333333336
4211,-350.3,352.9333333333334
4212,-350.90000000000003,351.08333333333337
4213,-351.475,349.2166666666667
4214,-352.0625,347.33333333333337
4215,-352.625,345.45000000000005
4216,-353.1875,343.53333333333336
4217,-353.75,341.6166666666667
4218,-354.33750000000003,339.53333333333336
4219,-354.85,337.75
4220,-355.38750000000005,335.8
4221,-355.925,333.83333333333337
4222,-356.45000000000005,331.85
4223,-356.975,329.8833333333334
4224,-357.4875,327.8833333333334
4225,-358.0,325.8666666666667
4226,-358.5,323.85
4227,-359.0,321.81666666666666
4228,-359.4875,319.78333333333336
4229,-359.96250000000003,317.73333333333335
4230,-360.4375,315.6666666666667
4231,-360.88750000000005,313.6
4232,-361.33750000000003,311.51666666666665
4233,-361.77500000000003,309.4166666666667
4234,-362.20000000000005,307.31666666666666
4235,-362.625,305.2
4236,-363.02500000000003,303.06666666666666
4237,-363.4125,300.93333333333334
4238,-363.8,298.78333333333336
4239,-364.225,296.26666666666665
4240,-364.52500000000003,294.46666666666664
4241,-364.8625,292.28333333333336
4242,-365.20000000000005,290.1
4243,-365.51250000000005,287.9166666666667
4244,-365.8125,285.71666666666664
4245,-366.15000000000003,283.1666666666667
4246,-366.375,281.33333333333337
4247,-366.63750000000005,279.1333333333334
4248,-366.90000000000003,276.93333333333334
4249,-367.13750000000005,274.71666666666664
4250,-367.3625,272.5
4251,-367.6125,269.90000000000003
4252,-367.77500000000003,268.03333333333336
4253,-367.96250000000003,265.78333333333336
4254,-368.13750000000005,263.53333333333336
4255,-368.3,261.26666666666665
4256,-368.45000000000005,259.01666666666665
4257,-368.6125,256.3666666666667
4258,-368.725,254.45000000000002
4259,-368.83750000000003,252.16666666666666
4260,-368.9375,249.88333333333335
4261,-369.02500000000003,247.58333333333337
4262,-369.08750000000003,245.28333333333336
4263,-369.1625,242.58333333333337
4264,-369.20000000000005,240.65
4265,-369.2375,238.33333333333337
4266,-369.25,235.61666666666667
4267,-369.25,233.66666666666666
4268,-369.225,231.31666666666666
4269,-369.1875,228.58333333333337
4270,-369.15000000000003,226.61666666666667
4271,-369.07500000000005,224.26666666666665
4272,-369.0,221.9
4273,-368.90000000000003,219.51666666666665
4274,-368.7875,217.15
4275,-368.65000000000003,214.36666666666667
4276,-368.52500000000003,212.36666666666667
4277,-368.38750000000005,209.9666666666667
4278,-368.20000000000005,207.16666666666669
4279,-368.05,205.15
4280,-367.875,202.73333333333335
4281,-367.63750000000005,199.91666666666669
4282,-367.475,197.88333333333333
4283,-367.26250000000005,195.45000000000002
4284,-367.01250000000005,192.61666666666667
4285,-366.83750000000003,190.5666666666667
4286,-366.6125,188.11666666666667
4287,-366.3625,185.23333333333335
4288,-366.1875,183.18333333333334
4289,-365.9875,180.70000000000002
4290,-365.75,177.8
4291,-365.6,175.73333333333335
4292,-365.425,173.23333333333335
4293,-365.225,170.3
4294,-365.1125,168.20000000000002
4295,-364.975,165.68333333333334
4296,-364.83750000000003,162.73333333333335
4297,-364.75,160.61666666666667
4298,-364.6625,158.0666666666667
4299,-364.5625,155.1
4300,-364.5,152.96666666666667
4301,-364.4375,150.4
4302,-364.35,147.4
4303,-364.27500000000003,145.25
4304,-364.20000000000005,142.66666666666669
4305,-364.1,139.63333333333333
4306,-364.0375,137.46666666666667
4307,-363.95000000000005,134.86666666666667
4308,-363.875,131.81666666666666
4309,-363.82500000000005,129.63333333333333
4310,-363.77500000000003,127.01666666666668
4311,-363.7375,123.95
4312,-363.71250000000003,121.75
4313,-363.70000000000005,119.11666666666667
4314,-363.71250000000003,116.01666666666668
4315,-363.7375,113.80000000000001
4316,-363.77500000000003,111.15
4317,-363.83750000000003,108.05000000000001
4318,-363.9125,105.81666666666666
4319,-364.0,103.15
4320,-364.1125,100.01666666666667
4321,-364.21250000000003,97.78333333333335
4322,-364.32500000000005,95.10000000000001
4323,-364.475,91.95
4324,-364.6,89.7
4325,-364.76250000000005,87.0
4326,-364.96250000000003,83.83333333333334
4327,-365.1125,81.58333333333334
4328,-365.3,78.85000000000001
4329,-365.5375,75.68333333333334
4330,-365.725,73.4
4331,-365.95000000000005,70.66666666666666
4332,-366.2375,67.48333333333335
4333,-366.45000000000005,65.18333333333334
4334,-366.71250000000003,62.416666666666664
4335,-366.975,59.666666666666664
4336,-367.25,56.900000000000006
4337,-367.52500000000003,54.150000000000006
4338,-367.7875,51.38333333333333
4339,-368.0625,48.63333333333333
4340,-368.32500000000005,45.91666666666667
4341,-368.57500000000005,43.233333333333334
4342,-368.82500000000005,40.61666666666667
4343,-369.0625,38.016666666666666
4344,-369.3,35.483333333333334
4345,-369.5375,32.983333333333334
4346,-369.76250000000005,30.516666666666666
4347,-369.9875,28.1
4348,-370.21250000000003,25.716666666666665
4349,-370.45000000000005,23.366666666666667
4350,-370.675,21.05
4351,-370.9125,18.766666666666666
4352,-371.15000000000003,16.516666666666666
4353,-371.38750000000005,14.3
4354,-371.625,12.116666666666667
4355,-371.875,9.966666666666667
4356,-372.125,7.833333333333333
4357,-372.375,5.699999999999999
4358,-372.63750000000005,3.5999999999999996
4359,-372.88750000000005,1.5166666666666666
4360,-373.15000000000003,-0.5166666666666675
4361,-373.4125,-2.5166666666666675
4362,-373.675,-4.483333333333334
4363,-373.9375,-6.433333333333335
4364,-374.20000000000005,-8.333333333333336
4365,-374.46250000000003,-10.216666666666665
4366,-374.7375,-12.05
4367,-375.0,-13.833333333333336
4368,-375.27500000000003,-15.600000000000001
4369,-375.55,-17.333333333333336
4370,-375.82500000000005,-19.01666666666667
4371,-376.1125,-20.683333333333334
4372,-376.40000000000003,-22.3
4373,-376.6875,-23.883333333333333
4374,-376.9875,-25.43333333333333
4375,-377.2875,-26.96666666666667
4376,-377.57500000000005,-28.450000000000003
4377,-377.875,-29.91666666666667
4378,-378.15000000000003,-31.333333333333336
4379,-378.425,-32.71666666666667
4380,-378.675,-34.083333333333336
4381,-378.925,-35.400000000000006
4382,-379.13750000000005,-36.7
4383,-379.33750000000003,-37.95
4384,-379.52500000000003,-39.18333333333334
4385,-379.675,-40.400000000000006
4386,-379.8125,-41.583333333333336
4387,-379.925,-42.71666666666667
4388,-380.01250000000005,-43.85
4389,-380.07500000000005,-44.95
4390,-380.125,-46.03333333333334
4391,-380.13750000000005,-47.08333333333334
4392,-380.13750000000005,-48.1
4393,-380.1,-49.11666666666667
4394,-380.02500000000003,-50.11666666666667
4395,-379.9125,-51.1
4396,-379.77500000000003,-52.08333333333334
4397,-379.58750000000003,-53.050000000000004
4398,-379.375,-54.0
4399,-379.125,-54.93333333333334
4400,-378.83750000000003,-55.86666666666667
4401,-378.52500000000003,-56.783333333333346
4402,-378.175,-57.66666666666667
4403,-377.8125,-58.55
4404,-377.4125,-59.41666666666667
4405,-376.9875,-60.283333333333346
4406,-376.5375,-61.11666666666666
4407,-376.0625,-61.93333333333334
4408,-375.5625,-62.733333333333334
4409,-375.02500000000003,-63.5
4410,-374.46250000000003,-64.25
4411,-373.875,-64.98333333333333
4412,-373.26250000000005,-65.68333333333334
4413,-372.625,-66.35000000000001
4414,-371.96250000000003,-67.0
4415,-371.2875,-67.63333333333334
4416,-370.58750000000003,-68.23333333333333
4417,-369.875,-68.80000000000001
4418,-369.13750000000005,-69.35000000000001
4419,-368.38750000000005,-69.86666666666667
4420,-367.625,-70.36666666666667
4421,-366.85,-70.83333333333334
4422,-366.05,-71.30000000000001
4423,-365.225,-71.73333333333335
4424,-364.40000000000003,-72.15
4425,-363.55,-72.53333333333335
4426,-362.6875,-72.91666666666667
4427,-361.8125,-73.26666666666667
4428,-360.925,-73.60000000000001
4429,-360.0375,-73.9
4430,-359.125,-74.2
4431,-358.21250000000003,-74.46666666666667
4432,-357.2875,-74.71666666666667
4433,-356.35,-74.95
4434,-355.40000000000003,-75.15
4435,-354.46250000000003,-75.31666666666666
4436,-353.5,-75.48333333333335
4437,-352.5375,-75.61666666666667
4438,-351.58750000000003,-75.71666666666667
4439,-350.625,-75.80000000000001
4440,-349.6625,-75.85000000000001
4441,-348.71250000000003,-75.86666666666667
4442,-347.77500000000003,-75.86666666666667
4443,-346.85,-75.83333333333334
4444,-345.925,-75.78333333333335
4445,-345.02500000000003,-75.7
4446,-344.15000000000003,-75.60000000000001
4447,-343.27500000000003,-75.48333333333335
4448,-342.4375,-75.35000000000001
4449,-341.6125,-75.2
4450,-340.8125,-75.03333333333335
4451,-340.0375,-74.85000000000001
4452,-339.2875,-74.65
4453,-338.55,-74.45
4454,-337.83750000000003,-74.23333333333335
4455,-337.1625,-74.01666666666667
4456,-336.4875,-73.78333333333335
4457,-335.83750000000003,-73.56666666666666
4458,-335.20000000000005,-73.33333333333334
4459,-334.58750000000003,-73.11666666666667
4460,-333.9875,-72.88333333333334
4461,-333.4125,-72.65
4462,-332.8625,-72.41666666666667
4463,-332.32500000000005,-72.18333333333334
4464,-331.8,-71.95
4465,-331.3125,-71.73333333333335
4466,-330.83750000000003,-71.5
4467,-330.4125,-71.31666666666666
4468,-330.15000000000003,-71.36666666666667
4469,-329.925,-71.5
4470,-329.71250000000003,-71.65
4471,-329.5,-71.80000000000001
4472,-329.3125,-71.95
4473,-329.125,-72.11666666666667
4474,-328.925,-72.26666666666667
4475,-328.7375,-72.43333333333334
4476,-328.5375,-72.60000000000001
4477,-328.33750000000003,-72.76666666666667
4478,-328.125,-72.91666666666667
4479,-327.9125,-73.06666666666666
4480,-327.6875,-73.21666666666667
4481,-327.45000000000005,-73.33333333333334
4482,-327.225,-73.46666666666667
4483,-326.9875,-73.56666666666666
4484,-326.75,-73.66666666666667
4485,-326.5,-73.76666666666667
4486,-326.26250000000005,-73.85000000000001
4487,-326.01250000000005,-73.93333333333334
4488,-325.76250000000005,-74.0
4489,-325.52500000000003,-74.06666666666666
4490,-325.2875,-74.11666666666667
4491,-325.05,-74.16666666666667
4492,-324.83750000000003,-74.2
4493,-324.65000000000003,-74.23333333333335
4494,-324.6625,-74.25
4495,-324.75,-74.25
4496,-324.83750000000003,-74.25
4497,-324.9375,-74.23333333333335
4498,-325.05,-74.23333333333335
4499,-325.175,-74.21666666666667
4500,-325.2875,-74.2
4501,-325.40000000000003,-74.18333333333334
4502,-325.51250000000005,-74.15
4503,-325.6125,-74.11666666666667
4504,-325.725,-74.10000000000001
4505,-325.85,-74.06666666666666
4506,-325.96250000000003,-74.03333333333335
4507,-326.1,-74.0
4508,-326.225,-73.98333333333335
4509,-326.375,-73.95
4510,-326.52500000000003,-73.9
4511,-326.70000000000005,-73.86666666666667
4512,-326.875,-73.83333333333334
4513,-327.05,-73.80000000000001
4514,-327.25,-73.76666666666667
4515,-327.45000000000005,-73.71666666666667
4516,-327.6625,-73.68333333333334
4517,-327.875,-73.65
4518,-328.1,-73.61666666666667
4519,-328.35,-73.58333333333334
4520,-328.58750000000003,-73.53333333333335
4521,-328.85,-73.5
4522,-329.1,-73.46666666666667
4523,-329.3625,-73.43333333333334
4524,-329.63750000000005,-73.38333333333334
4525,-329.9125,-73.33333333333334
4526,-330.20000000000005,-73.28333333333335
4527,-330.4875,-73.23333333333335
4528,-330.7875,-73.18333333333334
4529,-331.08750000000003,-73.11666666666667
4530,-331.38750000000005,-73.05000000000001
4531,-331.70000000000005,-72.96666666666667
4532,-332.01250000000005,-72.88333333333334
4533,-332.33750000000003,-72.80000000000001
4534,-332.65000000000003,-72.71666666666667
4535,-332.975,-72.61666666666667
4536,-333.3125,-72.51666666666667
4537,-333.63750000000005,-72.4
4538,-333.975,-72.28333333333335
4539,-334.3,-72.15
4540,-334.63750000000005,-72.01666666666667
4541,-334.96250000000003,-71.86666666666667
4542,-335.2875,-71.71666666666667
4543,-335.625,-71.55000000000001
4544,-335.95000000000005,-71.38333333333334
4545,-336.27500000000003,-71.2
4546,-336.6125,-71.01666666666667
4547,-336.9375,-70.81666666666666
4548,-337.26250000000005,-70.61666666666667
4549,-337.58750000000003,-70.4
4550,-337.90000000000003,-70.16666666666667
4551,-338.225,-69.93333333333334
4552,-338.5375,-69.7
4553,-338.85,-69.45
4554,-339.1625,-69.2
4555,-339.475,-68.93333333333334
4556,-339.77500000000003,-68.66666666666667
4557,-340.0625,-68.38333333333334
4558,-340.33750000000003,-68.08333333333334
4559,-340.6125,-67.78333333333335
4560,-340.8625,-67.46666666666667
4561,-341.125,-67.3
4562,-341.40000000000003,-67.25
4563,-341.6875,-67.25
4564,-341.95000000000005,-67.25
4565,-342.20000000000005,-67.23333333333333
4566,-342.425,-67.21666666666667
4567,-342.625,-67.2
4568,-342.8125,-67.18333333333334
4569,-342.9875,-67.16666666666667
4570,-343.15000000000003,-67.15
4571,-343.3125,-67.11666666666666
4572,-343.475,-67.06666666666666
4573,-343.6125,-67.01666666666667
4574,-343.75,-66.96666666666667
4575,-343.8625,-66.91666666666667
4576,-343.975,-66.85000000000001
4577,-344.0625,-66.78333333333335
4578,-344.15000000000003,-66.71666666666667
4579,-344.21250000000003,-66.65
4580,-344.26250000000005,-66.60000000000001
4581,-344.2875,-66.53333333333335
4582,-344.3125,-66.46666666666667
4583,-344.3125,-66.41666666666667
4584,-344.3,-66.36666666666666
4585,-344.27500000000003,-66.31666666666666
4586,-344.25,-66.28333333333335
4587,-344.225,-66.26666666666667
4588,-344.1875,-66.26666666666667
4589,-344.1625,-66.28333333333335
4590,-344.15000000000003,-66.31666666666666
4591,-344.125,-66.33333333333334
4592,-344.1,-66.36666666666666
4593,-344.07500000000005,-66.41666666666667
4594,-344.05,-66.46666666666667
4595,-344.02500000000003,-66.51666666666667
4596,-344.0,-66.56666666666666
4597,-343.975,-66.61666666666666
4598,-343.9375,-66.68333333333334
4599,-343.88750000000005,-66.75
4600,-343.85,-66.81666666666666
4601,-343.8,-66.88333333333334
4602,-343.76250000000005,-66.96666666666667
4603,-343.71250000000003,-67.03333333333335
4604,-343.65000000000003,-67.11666666666666
4605,-343.6,-67.2
4606,-343.5375,-67.3
4607,-343.475,-67.38333333333334
4608,-343.4125,-67.48333333333333
4609,-343.35,-67.56666666666666
4610,-343.27500000000003,-67.66666666666667
4611,-343.20000000000005,-67.78333333333335
4612,-343.125,-67.88333333333334
4613,-343.05,-68.0
4614,-342.96250000000003,-68.11666666666666
4615,-342.88750000000005,-68.23333333333333
4616,-342.8,-68.35000000000001
4617,-342.70000000000005,-68.48333333333333
4618,-342.6125,-68.60000000000001
4619,-342.51250000000005,-68.73333333333333
4620,-342.4125,-68.86666666666667
4621,-342.3125,-69.0
4622,-342.20000000000005,-69.15
4623,-342.08750000000003,-69.28333333333335
4624,-341.975,-69.43333333333334
4625,-341.85,-69.56666666666666
4626,-341.7375,-69.71666666666667
4627,-341.6125,-69.86666666666667
4628,-341.475,-70.03333333333335
4629,-341.33750000000003,-70.18333333333334
4630,-341.20000000000005,-70.35000000000001
4631,-341.05,-70.5
4632,-340.90000000000003,-70.66666666666667
4633,-340.75,-70.83333333333334
4634,-340.58750000000003,-71.0
4635,-340.425,-71.18333333333334
4636,-340.25,-71.36666666666667
4637,-340.08750000000003,-71.55000000000001
4638,-339.9125,-71.73333333333335
4639,-339.725,-71.93333333333334
4640,-339.5375,-72.11666666666667
4641,-339.35,-72.33333333333334
4642,-339.1625,-72.53333333333335
4643,-338.96250000000003,-72.73333333333335
4644,-338.76250000000005,-72.95
4645,-338.5625,-73.16666666666667
4646,-338.35,-73.38333333333334
4647,-338.13750000000005,-73.60000000000001
4648,-337.925,-73.85000000000001
4649,-337.70000000000005,-74.08333333333334
4650,-337.46250000000003,-74.33333333333334
4651,-337.2375,-74.60000000000001
4652,-336.9875,-74.88333333333334
4653,-336.7375,-75.18333333333334
4654,-336.475,-75.48333333333335
4655,-336.20000000000005,-75.81666666666666
4656,-335.9125,-76.16666666666667
4657,-335.625,-76.51666666666667
4658,-335.32500000000005,-76.88333333333334
4659,-335.02500000000003,-77.28333333333335
4660,-334.71250000000003,-77.68333333333334
4661,-334.38750000000005,-78.10000000000001
4662,-334.07500000000005,-78.53333333333335
4663,-333.7375,-79.0
4664,-333.4125,-79.46666666666667
4665,-333.07500000000005,-79.96666666666667
4666,-332.7375,-80.46666666666667
4667,-332.40000000000003,-81.0
4668,-332.0625,-81.55000000000001
4669,-331.725,-82.11666666666667
4670,-331.38750000000005,-82.71666666666667
4671,-331.05,-83.33333333333334
4672,-330.71250000000003,-83.96666666666667
4673,-330.38750000000005,-84.61666666666667
4674,-330.0625,-85.30000000000001
4675,-329.7375,-86.0
4676,-329.425,-86.73333333333335
4677,-329.125,-87.46666666666667
4678,-328.82500000000005,-88.23333333333335
4679,-328.52500000000003,-89.03333333333335
4680,-328.20000000000005,-89.9
4681,-327.9125,-90.73333333333335
4682,-327.625,-91.58333333333334
4683,-327.33750000000003,-92.46666666666667
4684,-327.0625,-93.36666666666667
4685,-326.77500000000003,-94.28333333333335
4686,-326.5,-95.21666666666668
4687,-326.225,-96.18333333333334
4688,-325.96250000000003,-97.16666666666669
4689,-325.70000000000005,-98.16666666666669
4690,-325.45000000000005,-99.18333333333334
4691,-325.21250000000003,-100.23333333333333
4692,-324.9875,-101.30000000000001
4693,-324.76250000000005,-102.38333333333333
4694,-324.5625,-103.48333333333333
4695,-324.375,-104.61666666666667
4696,-324.1875,-105.76666666666668
4697,-324.01250000000005,-106.93333333333334
4698,-323.8625,-108.11666666666667
4699,-323.71250000000003,-109.31666666666668
4700,-323.58750000000003,-110.53333333333333
4701,-323.475,-111.76666666666668
4702,-323.38750000000005,-113.01666666666668
4703,-323.3125,-114.30000000000001
4704,-323.25,-115.60000000000001
4705,-323.21250000000003,-116.91666666666669
4706,-323.175,-118.28333333333333
4707,-323.15000000000003,-119.61666666666667
4708,-323.13750000000005,-120.98333333333332
4709,-323.1125,-122.38333333333333
4710,-323.1,-123.76666666666668
4711,-323.07500000000005,-125.18333333333334
4712,-323.05,-126.6
4713,-323.01250000000005,-128.05
4714,-322.975,-129.5
4715,-322.9375,-130.96666666666667
4716,-322.90000000000003,-132.43333333333334
4717,-322.875,-133.93333333333334
4718,-322.83750000000003,-135.43333333333334
4719,-322.8125,-136.95000000000002
4720,-322.77500000000003,-138.48333333333332
4721,-322.76250000000005,-140.01666666666668
4722,-322.75,-141.5666666666667
4723,-322.75,-143.11666666666667
4724,-322.76250000000005,-144.66666666666669
4725,-322.77500000000003,-146.25
4726,-322.8,-147.83333333333334
4727,-322.85,-149.41666666666669
4728,-322.90000000000003,-151.01666666666668
4729,-322.96250000000003,-152.63333333333333
4730,-323.02500000000003,-154.26666666666668
4731,-323.1125,-155.9
4732,-323.20000000000005,-157.55
4733,-323.3,-159.2166666666667
4734,-323.4125,-160.88333333333333
4735,-323.5375,-162.5666666666667
4736,-323.6625,-164.25
4737,-323.8,-165.95000000000002
4738,-323.95000000000005,-167.66666666666669
4739,-324.1,-169.38333333333333
4740,-324.25,-171.13333333333333
4741,-324.4125,-172.88333333333333
4742,-324.57500000000005,-174.63333333333333
4743,-324.725,-176.41666666666669
4744,-324.88750000000005,-178.18333333333334
4745,-325.0375,-179.9666666666667
4746,-325.1625,-181.76666666666668
4747,-325.27500000000003,-183.55
4748,-325.375,-185.33333333333334
4749,-325.4375,-187.10000000000002
4750,-325.4875,-188.86666666666667
4751,-325.51250000000005,-190.61666666666667
4752,-325.5,-192.33333333333334
4753,-325.46250000000003,-194.05
4754,-325.40000000000003,-195.73333333333335
4755,-325.3125,-197.4
4756,-325.21250000000003,-199.03333333333336
4757,-325.07500000000005,-200.63333333333335
4758,-324.925,-202.21666666666667
4759,-324.75,-203.76666666666665
4760,-324.55,-205.28333333333336
4761,-324.33750000000003,-206.8
4762,-324.08750000000003,-208.3
4763,-323.82500000000005,-209.8
4764,-323.5375,-211.28333333333336
4765,-323.225,-212.76666666666665
4766,-322.90000000000003,-214.25
4767,-322.55,-215.75
4768,-322.20000000000005,-217.20000000000002
4769,-321.82500000000005,-218.66666666666666
4770,-321.4375,-220.11666666666667
4771,-321.0375,-221.58333333333337
4772,-320.625,-223.03333333333336
4773,-320.1875,-224.48333333333335
4774,-319.75,-225.93333333333337
4775,-319.3,-227.38333333333335
4776,-318.83750000000003,-228.81666666666666
4777,-318.3625,-230.23333333333335
4778,-317.88750000000005,-231.65
4779,-317.40000000000003,-233.05
4780,-316.90000000000003,-234.46666666666667
4781,-316.40000000000003,-235.86666666666667
4782,-315.88750000000005,-237.26666666666665
4783,-315.3625,-238.66666666666666
4784,-314.83750000000003,-240.05
4785,-314.2875,-241.45000000000002
4786,-313.7375,-242.85000000000002
4787,-313.1875,-244.23333333333335
4788,-312.6125,-245.61666666666667
4789,-312.02500000000003,-247.0
4790,-311.425,-248.38333333333338
4791,-310.8125,-249.75
4792,-310.1875,-251.11666666666667
4793,-309.5375,-252.48333333333335
4794,-308.875,-253.83333333333337
4795,-308.21250000000003,-255.15000000000003
4796,-307.5375,-256.46666666666664
4797,-306.8,-257.83333333333337
4798,-306.125,-259.05
4799,-305.40000000000003,-260.31666666666666
4800,-304.63750000000005,-261.58333333333337
4801,-303.875,-262.83333333333337
4802,-303.08750000000003,-264.06666666666666
4803,-302.27500000000003,-265.28333333333336
4804,-301.4375,-266.5
4805,-300.57500000000005,-267.7
4806,-299.70000000000005,-268.8666666666667
4807,-298.8125,-270.01666666666665
4808,-297.88750000000005,-271.15000000000003
4809,-296.96250000000003,-272.26666666666665
4810,-296.0,-273.35
4811,-295.02500000000003,-274.40000000000003
4812,-294.02500000000003,-275.45
4813,-292.9875,-276.46666666666664
4814,-291.95,-277.45
4815,-290.875,-278.40000000000003
4816,-289.77500000000003,-279.33333333333337
4817,-288.65000000000003,-280.21666666666664
4818,-287.52500000000003,-281.08333333333337
4819,-286.375,-281.9166666666667
4820,-285.21250000000003,-282.71666666666664
4821,-284.0375,-283.48333333333335
4822,-282.85,-284.21666666666664
4823,-281.6375,-284.90000000000003
4824,-280.40000000000003,-285.56666666666666
4825,-279.1625,-286.18333333333334
4826,-277.90000000000003,-286.78333333333336
4827,-276.625,-287.35
4828,-275.33750000000003,-287.8666666666667
4829,-274.0375,-288.3666666666667
4830,-272.7875,-288.8
4831,-271.46250000000003,-289.23333333333335
4832,-270.1125,-289.65000000000003
4833,-268.75,-290.03333333333336
4834,-267.3625,-290.3833333333334
4835,-265.95,-290.71666666666664
4836,-264.52500000000003,-291.01666666666665
4837,-263.1625,-291.26666666666665
4838,-261.5625,-291.53333333333336
4839,-260.1125,-291.75
4840,-258.6125,-291.93333333333334
4841,-257.08750000000003,-292.1
4842,-255.5625,-292.21666666666664
4843,-254.02500000000003,-292.33333333333337
4844,-252.4875,-292.4166666666667
4845,-250.925,-292.46666666666664
4846,-249.3625,-292.5
4847,-247.77500000000003,-292.5
4848,-246.1875,-292.48333333333335
4849,-244.57500000000002,-292.45
4850,-242.9625,-292.40000000000003
4851,-241.3375,-292.31666666666666
4852,-239.70000000000002,-292.23333333333335
4853,-238.05,-292.1333333333334
4854,-236.38750000000002,-292.03333333333336
4855,-234.7125,-291.90000000000003
4856,-233.01250000000002,-291.78333333333336
4857,-231.3125,-291.6333333333334
4858,-229.5875,-291.48333333333335
4859,-227.85000000000002,-291.31666666666666
4860,-226.1125,-291.1333333333334
4861,-224.35000000000002,-290.95
4862,-222.5875,-290.73333333333335
4863,-220.8,-290.5
4864,-219.01250000000002,-290.25
4865,-217.20000000000002,-289.98333333333335
4866,-215.38750000000002,-289.7
4867,-213.5625,-289.3833333333334
4868,-211.7375,-289.06666666666666
4869,-209.88750000000002,-288.71666666666664
4870,-208.03750000000002,-288.35
4871,-206.16250000000002,-287.95
4872,-204.28750000000002,-287.53333333333336
4873,-202.41250000000002,-287.1
4874,-200.51250000000002,-286.65000000000003
4875,-198.6125,-286.1666666666667
4876,-196.70000000000002,-285.6666666666667
4877,-194.78750000000002,-285.15000000000003
4878,-192.85000000000002,-284.6
4879,-190.91250000000002,-284.05
4880,-188.97500000000002,-283.48333333333335
4881,-187.01250000000002,-282.90000000000003
4882,-185.05,-282.28333333333336
4883,-183.07500000000002,-281.6666666666667
4884,-181.10000000000002,-281.01666666666665
4885,-179.1125,-280.3666666666667
4886,-177.1125,-279.68333333333334
4887,-175.1125,-278.98333333333335
4888,-173.1125,-278.25
4889,-171.0875,-277.51666666666665
4890,-169.07500000000002,-276.75
4891,-167.05,-275.98333333333335
4892,-165.01250000000002,-275.18333333333334
4893,-162.97500000000002,-274.3666666666667
4894,-160.95000000000002,-273.53333333333336
4895,-158.925,-272.7
4896,-156.88750000000002,-271.85
4897,-154.8625,-270.98333333333335
4898,-152.82500000000002,-270.1
4899,-150.775,-269.21666666666664
4900,-148.72500000000002,-268.31666666666666
4901,-146.66250000000002,-267.40000000000003
4902,-144.60000000000002,-266.48333333333335
4903,-142.525,-265.55
4904,-140.45000000000002,-264.6
4905,-138.3625,-263.65000000000003
4906,-136.275,-262.7
4907,-134.175,-261.73333333333335
4908,-132.0625,-260.76666666666665
4909,-129.95000000000002,-259.78333333333336
4910,-127.82500000000002,-258.8
4911,-125.70000000000002,-257.8
4912,-123.57500000000002,-256.81666666666666
4913,-121.4625,-255.85000000000002
4914,-119.35,-254.88333333333338
4915,-117.275,-253.95
4916,-115.2125,-253.03333333333336
4917,-113.1875,-252.13333333333338
4918,-111.1875,-251.26666666666665
4919,-109.2125,-250.43333333333334
4920,-107.25,-249.61666666666667
4921,-105.325,-248.83333333333337
4922,-103.4375,-248.06666666666666
4923,-101.5625,-247.33333333333337
4924,-99.7125,-246.60000000000002
4925,-97.92500000000001,-245.91666666666666
4926,-96.15,-245.23333333333335
4927,-94.4,-244.58333333333337
4928,-92.6875,-243.96666666666667
4929,-91.0,-243.36666666666667
4930,-89.325,-242.78333333333336
4931,-87.6875,-242.23333333333335
4932,-86.0625,-241.70000000000002
4933,-84.4625,-241.18333333333337
4934,-82.86250000000001,-240.70000000000002
4935,-81.2625,-240.26666666666665
4936,-79.65,-239.85000000000002
4937,-78.03750000000001,-239.45000000000002
4938,-76.42500000000001,-239.10000000000002
4939,-74.80000000000001,-238.78333333333336
4940,-73.17500000000001,-238.48333333333335
4941,-71.53750000000001,-238.21666666666667
4942,-69.91250000000001,-238.0
4943,-68.28750000000001,-237.8
4944,-66.65,-237.65
4945,-65.0125,-237.51666666666665
4946,-63.3875,-237.43333333333337
4947,-61.7625,-237.38333333333335
4948,-60.125,-237.36666666666667
4949,-58.5,-237.36666666666667
4950,-56.875,-237.41666666666666
4951,-55.2625,-237.5
4952,-53.650000000000006,-237.61666666666667
4953,-52.0375,-237.76666666666665
4954,-50.4375,-237.96666666666667
4955,-48.837500000000006,-238.18333333333337
4956,-47.25,-238.45000000000002
4957,-45.675000000000004,-238.76666666666665
4958,-44.1,-239.10000000000002
4959,-42.5375,-239.48333333333335
4960,-41.0,-239.9
4961,-39.462500000000006,-240.36666666666667
4962,-37.9375,-240.86666666666667
4963,-36.425000000000004,-241.4
4964,-34.9375,-241.96666666666667
4965,-33.45,-242.58333333333337
4966,-31.975,-243.23333333333335
4967,-30.512500000000003,-243.91666666666666
4968,-29.0625,-244.63333333333335
4969,-27.625,-245.41666666666666
4970,-26.1875,-246.21666666666667
4971,-24.762500000000003,-247.06666666666666
4972,-23.362500000000004,-247.96666666666667
4973,-21.9625,-248.90000000000003
4974,-20.6,-249.86666666666667
4975,-19.2375,-250.88333333333338
4976,-17.9125,-251.95
4977,-16.587500000000002,-253.03333333333336
4978,-15.3,-254.16666666666669
4979,-14.037500000000001,-255.33333333333337
4980,-12.787500000000001,-256.51666666666665
4981,-11.5625,-257.75
4982,-10.375,-259.01666666666665
4983,-9.200000000000003,-260.31666666666666
4984,-8.05,-261.6333333333334
4985,-6.912500000000001,-262.98333333333335
4986,-5.787500000000001,-264.35
4987,-4.6875,-265.75
4988,-3.5875000000000004,-267.15000000000003
4989,-2.5,-268.6
4990,-1.4125000000000014,-270.06666666666666
4991,-0.3625000000000007,-271.55
4992,0.6999999999999993,-273.05
4993,1.737499999999999,-274.58333333333337
4994,2.7624999999999993,-276.1333333333334
4995,3.7749999999999995,-277.71666666666664
4996,4.7749999999999995,-279.31666666666666
4997,5.762499999999999,-280.93333333333334
4998,6.7375,-282.58333333333337
4999,7.699999999999999,-284.25
5000,8.65,-285.93333333333334
5001,9.5875,-287.65000000000003
5002,10.5125,-289.3666666666667
5003,11.425,-291.1166666666667
5004,12.325,-292.8666666666667
5005,13.225,-294.6166666666667
5006,14.1125,-296.3833333333334
5007,14.9875,-298.1666666666667
5008,15.875,-299.9666666666667
5009,16.7375,-301.76666666666665
5010,17.6125,-303.58333333333337
5011,18.475,-305.4166666666667
5012,19.3375,-307.26666666666665
5013,20.200000000000003,-309.1333333333334
5014,21.0625,-311.0
5015,21.925,-312.8833333333334
5016,22.7875,-314.76666666666665
5017,23.637500000000003,-316.6833333333334
5018,24.5,-318.6
5019,25.3625,-320.51666666666665
5020,26.225,-322.45000000000005
5021,27.087500000000002,-324.40000000000003
5022,27.962500000000002,-326.35
5023,28.837500000000002,-328.31666666666666
5024,29.725,-330.28333333333336
5025,30.6125,-332.26666666666665
5026,31.512500000000003,-334.25
5027,32.4125,-336.23333333333335
5028,33.325,-338.23333333333335
5029,34.25,-340.23333333333335
5030,35.175,-342.26666666666665
5031,36.1125,-344.28333333333336
5032,37.1375,-346.5
5033,37.9875,-348.35
5034,38.9375,-350.40000000000003
5035,39.8875,-352.45000000000005
5036,40.85,-354.51666666666665
5037,41.825,-356.58333333333337
5038,42.8,-358.6666666666667
5039,43.775,-360.73333333333335
5040,44.7625,-362.83333333333337
5041,45.75,-364.9333333333334
5042,46.75,-367.03333333333336
5043,47.7625,-369.15000000000003
5044,48.775,-371.26666666666665
5045,49.800000000000004,-373.3833333333334
5046,50.837500000000006,-375.51666666666665
5047,51.875,-377.65000000000003
5048,52.9125,-379.8
5049,53.975,-381.95000000000005
5050,54.95,-383.9666666666667
5051,56.2,-386.48333333333335
5052,57.2625,-388.6666666666667
5053,58.1625,-390.48333333333335
5054,59.4125,-393.03333333333336
5055,60.487500000000004,-395.2166666666667
5056,61.3875,-397.03333333333336
5057,62.625,-399.56666666666666
5058,63.675000000000004,-401.7166666666667
5059,64.5375,-403.48333333333335
5060,65.725,-405.91666666666674
5061,66.725,-407.9666666666667
5062,67.55000000000001,-409.65000000000003
5063,68.67500000000001,-411.9666666666667
5064,69.625,-413.90000000000003
5065,70.4125,-415.5333333333333
5066,71.475,-417.70000000000005
5067,72.375,-419.5333333333333
5068,73.1,-421.0333333333333
5069,74.1375,-423.16666666666674
5070,74.9625,-424.85
5071,75.65,-426.2666666666667
5072,76.6125,-428.23333333333335
5073,77.41250000000001,-429.90000000000003
5074,78.0625,-431.25
5075,78.95,-433.1
5076,79.7,-434.65000000000003
5077,80.325,-435.93333333333334
5078,81.16250000000001,-437.66666666666674
5079,81.875,-439.1333333333333
5080,82.45,-440.3333333333333
5081,83.2375,-441.9666666666667
5082,83.9,-443.3333333333333
5083,84.45,-444.45000000000005
5084,85.1875,-445.9666666666667
5085,85.8125,-447.25
5086,86.325,-448.3
5087,87.03750000000001,-449.73333333333335
5088,87.6375,-450.93333333333334
5089,88.1375,-451.90000000000003
5090,88.8125,-453.23333333333335
5091,89.3875,-454.3333333333333
5092,89.86250000000001,-455.23333333333335
5093,90.525,-456.45000000000005
5094,91.0875,-457.45000000000005
5095,91.55000000000001,-458.2666666666667
5096,92.2,-459.3833333333333
5097,92.75,-460.3
5098,93.2,-461.05
5099,93.85000000000001,-462.05
5100,94.3875,-462.86666666666673
5101,94.8375,-463.5333333333333
5102,95.4625,-464.43333333333334
5103,96.0125,-465.16666666666674
5104,96.4625,-465.75
5105,97.11250000000001,-466.5333333333333
5106,97.67500000000001,-467.18333333333334
5107,98.16250000000001,-467.7166666666667
5108,98.85000000000001,-468.43333333333334
5109,99.47500000000001,-469.0166666666667
5110,100.0125,-469.5166666666667
5111,100.7625,-470.15000000000003
5112,101.4375,-470.68333333333334
5113,102.0125,-471.11666666666673
5114,102.825,-471.70000000000005
5115,103.55000000000001,-472.16666666666674
5116,104.16250000000001,-472.55
5117,105.03750000000001,-473.05
5118,105.80000000000001,-473.45000000000005
5119,106.45,-473.7833333333333
5120,107.375,-474.20000000000005
5121,108.17500000000001,-474.5333333333333
5122,108.85000000000001,-474.8
5123,109.825,-475.1333333333333
5124,110.67500000000001,-475.40000000000003
5125,111.4,-475.61666666666673
5126,112.4375,-475.8833333333333
5127,113.3375,-476.0833333333333
5128,114.10000000000001,-476.2166666666667
5129,115.1875,-476.40000000000003
5130,116.125,-476.5166666666667
5131,116.92500000000001,-476.6
5132,118.0625,-476.68333333333334
5133,119.03750000000001,-476.7166666666667
5134,119.86250000000001,-476.7166666666667
5135,121.025,-476.68333333333334
5136,122.03750000000001,-476.61666666666673
5137,122.8875,-476.55
5138,124.0875,-476.40000000000003
5139,125.11250000000001,-476.25
5140,125.9625,-476.0833333333333
5141,127.17500000000001,-475.8166666666667
5142,128.2,-475.5666666666667
5143,129.05,-475.3333333333333
5144,130.25,-474.95000000000005
5145,131.275,-474.6
5146,132.125,-474.2833333333333
5147,133.3,-473.8
5148,134.3,-473.35
5149,135.1375,-472.95000000000005
5150,136.28750000000002,-472.35
5151,137.275,-471.8166666666667
5152,138.075,-471.3333333333333
5153,139.20000000000002,-470.65000000000003
5154,140.1625,-470.0166666666667
5155,140.95000000000002,-469.4666666666667
5156,141.88750000000002,-468.7833333333333
5157,142.9375,-467.9666666666667
5158,143.675,-467.35
5159,144.6875,-466.48333333333335
5160,145.5375,-465.7166666666667
5161,146.225,-465.05
5162,147.175,-464.1
5163,147.975,-463.25
5164,148.63750000000002,-462.5333333333333
5165,149.55,-461.48333333333335
5166,150.3,-460.5666666666667
5167,150.9125,-459.7833333333333
5168,151.75,-458.66666666666674
5169,152.45000000000002,-457.66666666666674
5170,153.025,-456.8333333333333
5171,153.7875,-455.6333333333333
5172,154.425,-454.5833333333333
5173,154.925,-453.68333333333334
5174,155.6125,-452.41666666666674
5175,156.175,-451.3
5176,156.625,-450.36666666666673
5177,157.225,-449.0166666666667
5178,157.725,-447.85
5179,158.13750000000002,-446.86666666666673
5180,158.6875,-445.4666666666667
5181,159.175,-444.2666666666667
5182,159.5875,-443.2666666666667
5183,160.1875,-441.8833333333333
5184,160.7375,-440.68333333333334
5185,161.2125,-439.7166666666667
5186,161.925,-438.3333333333333
5187,162.5625,-437.18333333333334
5188,163.1125,-436.2166666666667
5189,163.925,-434.86666666666673
5190,164.66250000000002,-433.73333333333335
5191,165.28750000000002,-432.7833333333333
5192,166.20000000000002,-431.48333333333335
5193,167.01250000000002,-430.36666666666673
5194,167.7125,-429.43333333333334
5195,168.72500000000002,-428.15000000000003
5196,169.6125,-427.05
5197,170.375,-426.11666666666673
5198,171.47500000000002,-424.8166666666667
5199,172.425,-423.70000000000005
5200,173.22500000000002,-422.75
5201,174.35000000000002,-421.40000000000003
5202,175.3,-420.2166666666667
5203,176.10000000000002,-419.20000000000005
5204,177.2125,-417.7666666666667
5205,178.15,-416.5166666666667
5206,178.925,-415.45000000000005
5207,180.0,-413.93333333333334
5208,180.9,-412.6333333333333
5209,181.66250000000002,-411.55
5210,182.7125,-410.0
5211,183.625,-408.65000000000003
5212,184.4,-407.5333333333333
5213,185.47500000000002,-405.95000000000005
5214,186.41250000000002,-404.5666666666667
5215,187.1875,-403.41666666666674
5216,188.28750000000002,-401.7833333333333
5217,189.25,-400.3666666666667
5218,190.05,-399.1833333333334
5219,191.175,-397.51666666666665
5220,192.15,-396.08333333333337
5221,192.9625,-394.8666666666667
5222,194.10000000000002,-393.15000000000003
5223,195.0875,-391.6666666666667
5224,195.91250000000002,-390.4333333333334
5225,197.07500000000002,-388.6833333333334
5226,198.0875,-387.15000000000003
5227,198.925,-385.8833333333334
5228,200.10000000000002,-384.08333333333337
5229,201.1125,-382.53333333333336
5230,201.9625,-381.2166666666667
5231,203.16250000000002,-379.3833333333334
5232,204.20000000000002,-377.8
5233,205.0625,-376.4666666666667
5234,206.275,-374.58333333333337
5235,207.3375,-372.9666666666667
5236,208.22500000000002,-371.6
5237,209.47500000000002,-369.6833333333334
5238,210.55,-368.05
5239,211.4625,-366.6666666666667
5240,212.75,-364.7166666666667
5241,213.8625,-363.05
5242,214.8,-361.65000000000003
5243,216.125,-359.6833333333334
5244,217.26250000000002,-357.98333333333335
5245,218.22500000000002,-356.56666666666666
5246,219.57500000000002,-354.56666666666666
5247,220.75,-352.85
5248,221.72500000000002,-351.40000000000003
5249,223.1125,-349.3666666666667
5250,224.3,-347.6166666666667
5251,225.3,-346.15000000000003
5252,226.70000000000002,-344.08333333333337
5253,227.9,-342.3
5254,228.91250000000002,-340.8
5255,230.32500000000002,-338.70000000000005
5256,231.53750000000002,-336.90000000000003
5257,232.55,-335.3833333333334
5258,233.9625,-333.26666666666665
5259,235.1875,-331.45000000000005
5260,236.20000000000002,-329.9333333333334
5261,237.625,-327.78333333333336
5262,238.85000000000002,-325.9333333333334
5263,239.875,-324.40000000000003
5264,241.32500000000002,-322.2166666666667
5265,242.5625,-320.35
5266,243.5875,-318.78333333333336
5267,245.03750000000002,-316.56666666666666
5268,246.28750000000002,-314.6833333333334
5269,247.3375,-313.08333333333337
5270,248.8,-310.85
5271,250.0625,-308.9333333333334
5272,251.1125,-307.31666666666666
5273,252.5875,-305.06666666666666
5274,253.875,-303.1166666666667
5275,254.9375,-301.48333333333335
5276,256.4375,-299.20000000000005
5277,257.725,-297.23333333333335
5278,258.8125,-295.58333333333337
5279,260.3375,-293.28333333333336
5280,261.65,-291.3
5281,262.75,-289.65000000000003
5282,264.3125,-287.31666666666666
5283,265.675,-285.31666666666666
5284,266.8125,-283.65000000000003
5285,268.4125,-281.31666666666666
5286,269.7875,-279.31666666666666
5287,270.95,-277.65000000000003
5288,272.3625,-275.65000000000003
5289,274.0125,-273.31666666666666
5290,275.2,-271.6333333333334
5291,276.6625,-269.6
5292,278.33750000000003,-267.28333333333336
5293,279.55,-265.6
5294,281.2625,-263.25
5295,282.725,-261.21666666666664
5296,283.96250000000003,-259.53333333333336
5297,285.6875,-257.15000000000003
5298,287.1875,-255.10000000000002
5299,288.425,-253.40000000000003
5300,290.1625,-251.0
5301,291.65000000000003,-248.91666666666669
5302,292.8875,-247.18333333333337
5303,294.625,-244.75
5304,296.1125,-242.65
5305,297.35,-240.9
5306,299.08750000000003,-238.43333333333337
5307,300.5625,-236.3
5308,301.7875,-234.51666666666665
5309,303.5125,-232.0
5310,304.725,-230.20000000000002
5311,306.1875,-228.03333333333336
5312,307.875,-225.48333333333335
5313,309.075,-223.66666666666666
5314,310.4875,-221.46666666666667
5315,312.125,-218.9
5316,313.2875,-217.05
5317,314.6625,-214.81666666666666
5318,316.27500000000003,-212.20000000000002
5319,317.4125,-210.31666666666666
5320,318.75,-208.05
5321,320.3125,-205.38333333333335
5322,321.4125,-203.46666666666667
5323,322.71250000000003,-201.15
5324,324.21250000000003,-198.43333333333337
5325,325.26250000000005,-196.48333333333335
5326,326.52500000000003,-194.13333333333333
5327,327.975,-191.36666666666667
5328,329.0,-189.38333333333333
5329,330.225,-187.0
5330,331.77500000000003,-183.91666666666669
5331,332.63750000000005,-182.16666666666669
5332,333.83750000000003,-179.75
5333,335.01250000000005,-177.3166666666667
5334,336.20000000000005,-174.88333333333333
5335,337.375,-172.43333333333334
5336,338.55,-169.98333333333335
5337,339.725,-167.53333333333333
5338,340.88750000000005,-165.0666666666667
5339,342.05,-162.58333333333334
5340,343.1875,-160.10000000000002
5341,344.32500000000005,-157.60000000000002
5342,345.4375,-155.10000000000002
5343,346.5375,-152.58333333333334
5344,347.625,-150.05
5345,348.70000000000005,-147.5
5346,349.75,-144.95000000000002
5347,350.77500000000003,-142.38333333333333
5348,351.8,-139.8
5349,352.8,-137.21666666666667
5350,353.8,-134.61666666666667
5351,354.7875,-132.01666666666668
5352,355.76250000000005,-129.4
5353,356.725,-126.76666666666668
5354,357.6875,-124.13333333333333
5355,358.6625,-121.5
5356,359.625,-118.86666666666667
5357,360.6,-116.21666666666668
5358,361.57500000000005,-113.56666666666668
5359,362.55,-110.9
5360,363.52500000000003,-108.25
5361,364.51250000000005,-105.56666666666668
5362,365.5,-102.9
5363,366.4875,-100.21666666666668
5364,367.475,-97.53333333333333
5365,368.46250000000003,-94.85000000000001
5366,369.45000000000005,-92.15
5367,370.425,-89.45
5368,371.4125,-86.73333333333335
5369,372.38750000000005,-84.01666666666667
5370,373.3625,-81.28333333333335
5371,374.33750000000003,-78.55000000000001
5372,375.3,-75.80000000000001
5373,376.27500000000003,-73.06666666666666
5374,377.2375,-70.30000000000001
5375,378.21250000000003,-67.53333333333335
5376,379.1875,-64.76666666666667
5377,380.1625,-62.0
5378,381.20000000000005,-59.05
5379,382.125,-56.43333333333334
5380,383.1125,-53.63333333333334
5381,384.1,-50.83333333333334
5382,385.07500000000005,-48.03333333333334
5383,386.0375,-45.21666666666667
5384,387.13750000000005,-41.91666666666667
5385,387.9125,-39.53333333333333
5386,388.82500000000005,-36.68333333333334
5387,389.8625,-33.35
5388,390.58750000000003,-30.950000000000003
5389,391.425,-28.050000000000004
5390,392.225,-25.15
5391,392.9875,-22.21666666666667
5392,393.71250000000003,-19.28333333333333
5393,394.51250000000005,-15.833333333333336
5394,395.0625,-13.366666666666667
5395,395.6875,-10.383333333333336
5396,396.375,-6.9
5397,396.8625,-4.4
5398,397.40000000000003,-1.4166666666666679
5399,397.9125,1.5666666666666664
5400,398.40000000000003,4.55
5401,398.85,7.516666666666667
5402,399.32500000000005,10.95
5403,399.63750000000005,13.4
5404,399.975,16.333333333333336
5405,400.33750000000003,19.733333333333334
5406,400.55,22.15
5407,400.7875,25.016666666666666
5408,401.0,28.35
5409,401.13750000000005,30.71666666666667
5410,401.26250000000005,33.53333333333333
5411,401.38750000000005,36.8
5412,401.4375,39.1
5413,401.4875,41.833333333333336
5414,401.5,45.0
5415,401.4875,47.25
5416,401.45000000000005,49.95
5417,401.40000000000003,53.06666666666667
5418,401.35,55.26666666666667
5419,401.2875,57.93333333333334
5420,401.21250000000003,61.0
5421,401.1625,63.2
5422,401.1125,65.81666666666666
5423,401.05,68.86666666666667
5424,401.01250000000005,71.03333333333333
5425,400.975,73.63333333333334
5426,400.95000000000005,76.63333333333334
5427,400.9375,78.78333333333335
5428,400.925,81.35000000000001
5429,400.925,84.31666666666666
5430,400.925,86.41666666666667
5431,400.925,88.93333333333334
5432,400.9375,91.85000000000001
5433,400.9375,93.91666666666667
5434,400.95000000000005,96.38333333333334
5435,400.96250000000003,99.23333333333335
5436,400.96250000000003,101.25
5437,400.975,103.65
5438,400.975,106.45
5439,400.9875,108.41666666666667
5440,400.9875,110.78333333333333
5441,400.975,113.5
5442,400.975,115.45
5443,400.96250000000003,117.75
5444,400.95000000000005,120.43333333333334
5445,400.9375,122.31666666666668
5446,400.925,124.56666666666668
5447,400.90000000000003,127.13333333333333
5448,400.88750000000005,128.93333333333334
5449,400.8625,131.05
5450,400.82500000000005,133.48333333333335
5451,400.8125,135.18333333333334
5452,400.77500000000003,137.18333333333334
5453,400.7375,139.46666666666667
5454,400.71250000000003,141.0666666666667
5455,400.675,142.95000000000002
5456,400.63750000000005,145.1
5457,400.6,146.6
5458,400.55,148.36666666666667
5459,400.4875,150.38333333333333
5460,400.4375,151.78333333333333
5461,400.375,153.45000000000002
5462,400.2875,155.33333333333334
5463,400.21250000000003,156.65
5464,400.1125,158.28333333333333
5465,400.01250000000005,159.8
5466,399.90000000000003,161.26666666666668
5467,399.7875,162.70000000000002
5468,399.65000000000003,164.10000000000002
5469,399.51250000000005,165.4666666666667
5470,399.35,166.8
5471,399.1875,168.10000000000002
5472,399.01250000000005,169.36666666666667
5473,398.8125,170.60000000000002
5474,398.6,171.8
5475,398.38750000000005,172.98333333333335
5476,398.13750000000005,174.13333333333333
5477,397.8625,175.28333333333333
5478,397.57500000000005,176.4
5479,397.26250000000005,177.48333333333335
5480,396.95000000000005,178.53333333333333
5481,396.6125,179.5666666666667
5482,396.27500000000003,180.5666666666667
5483,395.9125,181.53333333333333
5484,395.52500000000003,182.48333333333335
5485,395.13750000000005,183.4
5486,394.725,184.3
5487,394.3125,185.16666666666669
5488,393.875,186.0
5489,393.4375,186.8166666666667
5490,392.96250000000003,187.63333333333333
5491,392.4875,188.41666666666669
5492,391.9875,189.20000000000002
5493,391.475,189.98333333333335
5494,390.925,190.76666666666668
5495,390.3625,191.55
5496,389.77500000000003,192.33333333333334
5497,389.15000000000003,193.13333333333333
5498,388.5,193.91666666666669
5499,387.82500000000005,194.70000000000002
5500,387.125,195.4666666666667
5501,386.4125,196.23333333333335
5502,385.6875,196.95000000000002
5503,384.9375,197.66666666666669
5504,384.1875,198.36666666666667
5505,383.4125,199.03333333333333
5506,382.625,199.68333333333334
5507,381.82500000000005,200.3
5508,381.01250000000005,200.9
5509,380.1875,201.4666666666667
5510,379.35,202.01666666666668
5511,378.5,202.55
5512,377.63750000000005,203.03333333333333
5513,376.77500000000003,203.5
5514,375.88750000000005,203.93333333333334
5515,375.0,204.35000000000002
5516,374.1125,204.7166666666667
5517,373.20000000000005,205.0666666666667
5518,372.3,205.38333333333333
5519,371.38750000000005,205.66666666666669
5520,370.46250000000003,205.91666666666669
5521,369.55,206.13333333333333
5522,368.625,206.33333333333334
5523,367.70000000000005,206.48333333333335
5524,366.76250000000005,206.61666666666667
5525,365.8125,206.7166666666667
5526,364.8625,206.8
5527,363.88750000000005,206.85000000000002
5528,362.90000000000003,206.86666666666667
5529,361.90000000000003,206.85000000000002
5530,360.90000000000003,206.8166666666667
5531,359.90000000000003,206.75
5532,358.9125,206.65
5533,357.9125,206.53333333333333
5534,356.9125,206.38333333333333
5535,355.90000000000003,206.2166666666667
5536,354.875,206.01666666666668
5537,353.85,205.8
5538,352.8,205.55
5539,351.75,205.26666666666668
5540,350.6875,204.9666666666667
5541,349.625,204.61666666666667
5542,348.5625,204.25
5543,347.5,203.85000000000002
5544,346.4375,203.4
5545,345.40000000000003,202.95000000000002
5546,344.38750000000005,202.45000000000002
5547,343.375,201.95000000000002
5548,342.375,201.41666666666669
5549,341.38750000000005,200.86666666666667
5550,340.4125,200.28333333333333
5551,339.4375,199.68333333333334
5552,338.45000000000005,199.05
5553,337.475,198.4
5554,336.52500000000003,197.7166666666667
5555,335.57500000000005,197.01666666666668
5556,334.65000000000003,196.28333333333333
5557,333.725,195.51666666666668
5558,332.82500000000005,194.73333333333335
5559,331.925,193.91666666666669
5560,331.05,193.08333333333334
5561,330.1875,192.23333333333335
5562,329.35,191.35000000000002
5563,328.51250000000005,190.43333333333334
5564,327.70000000000005,189.5
5565,326.90000000000003,188.51666666666668
5566,326.13750000000005,187.51666666666668
5567,325.38750000000005,186.5
5568,324.6625,185.45000000000002
5569,323.95000000000005,184.36666666666667
5570,323.2875,183.28333333333333
5571,322.65000000000003,182.16666666666669
5572,322.0375,181.05
5573,321.46250000000003,179.91666666666669
5574,320.90000000000003,178.75
5575,320.38750000000005,177.58333333333334
5576,319.88750000000005,176.4
5577,319.4375,175.2166666666667
5578,319.01250000000005,174.01666666666668
5579,318.6125,172.8166666666667
5580,318.26250000000005,171.61666666666667
5581,317.9375,170.41666666666669
5582,317.65000000000003,169.2166666666667
5583,317.40000000000003,168.01666666666668
5584,317.1875,166.8166666666667
5585,317.0125,165.63333333333333
5586,316.875,164.43333333333334
5587,316.7625,163.25
5588,316.6875,162.0666666666667
5589,316.65000000000003,160.88333333333333
5590,316.6375,159.71666666666667
5591,316.6625,158.5666666666667
5592,316.725,157.4
5593,316.8125,156.26666666666668
5594,316.925,155.13333333333333
5595,317.0625,154.0
5596,317.225,152.9
5597,317.40000000000003,151.8
5598,317.6125,150.70000000000002
5599,317.83750000000003,149.63333333333333
5600,318.08750000000003,148.5666666666667
5601,318.35,147.5
5602,318.65000000000003,146.45000000000002
5603,318.96250000000003,145.4
5604,319.3,144.35
5605,319.6625,143.3
5606,320.0375,142.26666666666668
5607,320.45000000000005,141.23333333333332
5608,320.875,140.21666666666667
5609,321.32500000000005,139.20000000000002
5610,321.8,138.20000000000002
5611,322.2875,137.21666666666667
5612,322.8125,136.23333333333332
5613,323.35,135.26666666666668
5614,323.925,134.3
5615,324.52500000000003,133.35000000000002
5616,325.13750000000005,132.41666666666669
5617,325.75,131.4666666666667
5618,326.38750000000005,130.53333333333333
5619,327.0375,129.61666666666667
5620,327.6875,128.68333333333334
5621,328.32500000000005,127.76666666666668
5622,328.95000000000005,126.83333333333333
5623,329.5625,125.86666666666667
5624,330.175,124.9
5625,330.77500000000003,123.9
5626,331.38750000000005,122.88333333333333
5627,331.975,121.83333333333333
5628,332.5625,120.76666666666668
5629,333.13750000000005,119.68333333333334
5630,333.71250000000003,118.56666666666668
5631,334.26250000000005,117.41666666666669
5632,334.8125,116.26666666666668
5633,335.33750000000003,115.06666666666668
5634,335.85,113.86666666666667
5635,336.3125,112.71666666666668
5636,336.82500000000005,111.36666666666667
5637,337.2875,110.10000000000001
5638,337.71250000000003,108.83333333333334
5639,338.125,107.55000000000001
5640,338.51250000000005,106.25
5641,338.90000000000003,104.93333333333334
5642,339.2875,103.61666666666667
5643,339.6625,102.26666666666667
5644,340.02500000000003,100.9
5645,340.38750000000005,99.51666666666667
5646,340.7375,98.13333333333334
5647,341.1,96.73333333333335
5648,341.4375,95.31666666666666
5649,341.77500000000003,93.88333333333334
5650,342.1125,92.43333333333334
5651,342.4375,90.96666666666667
5652,342.7375,89.48333333333335
5653,343.0375,87.98333333333335
5654,343.32500000000005,86.46666666666667
5655,343.6,84.93333333333334
5656,343.8625,83.38333333333334
5657,344.1,81.81666666666666
5658,344.33750000000003,80.25
5659,344.55,78.65
5660,344.7375,77.03333333333335
5661,344.925,75.4
5662,345.07500000000005,73.76666666666667
5663,345.21250000000003,72.11666666666666
5664,345.33750000000003,70.48333333333335
5665,345.4375,68.81666666666666
5666,345.51250000000005,67.15
5667,345.57500000000005,65.46666666666667
5668,345.6125,63.78333333333334
5669,345.63750000000005,62.06666666666666
5670,345.63750000000005,60.35
5671,345.6125,58.63333333333333
5672,345.57500000000005,56.88333333333333
5673,345.52500000000003,55.13333333333333
5674,345.45000000000005,53.366666666666674
5675,345.3625,51.6
5676,345.26250000000005,49.81666666666667
5677,345.13750000000005,48.01666666666667
5678,344.9875,46.21666666666667
5679,344.83750000000003,44.4
5680,344.6625,42.56666666666667
5681,344.475,40.733333333333334
5682,344.27500000000003,38.900000000000006
5683,344.05,37.03333333333333
5684,343.8,35.16666666666667
5685,343.55,33.3
5686,343.27500000000003,31.416666666666668
5687,342.9875,29.516666666666666
5688,342.6875,27.616666666666667
5689,342.375,25.7
5690,342.05,23.766666666666666
5691,341.71250000000003,21.833333333333336
5692,341.3625,19.9
5693,341.01250000000005,17.933333333333334
5694,340.65000000000003,15.966666666666669
5695,340.27500000000003,14.0
5696,339.90000000000003,12.016666666666666
5697,339.52500000000003,10.066666666666666
5698,339.13750000000005,8.133333333333333
5699,338.76250000000005,6.25
5700,338.38750000000005,4.4
5701,338.0,2.583333333333333
5702,337.625,0.8166666666666664
5703,337.25,-0.9166666666666679
5704,336.8625,-2.616666666666667
5705,336.4875,-4.2666666666666675
5706,336.1,-5.883333333333335
5707,335.725,-7.450000000000001
5708,335.35,-9.0
5709,334.975,-10.5
5710,334.6,-11.966666666666669
5711,334.2375,-13.383333333333336
5712,333.8625,-14.783333333333335
5713,333.5,-16.133333333333336
5714,333.13750000000005,-17.450000000000003
5715,332.77500000000003,-18.71666666666667
5716,332.4125,-19.950000000000003
5717,332.05,-21.150000000000002
5718,331.6875,-22.31666666666667
5719,331.32500000000005,-23.450000000000003
5720,330.95000000000005,-24.550000000000004
5721,330.5625,-25.633333333333333
5722,330.1625,-26.68333333333333
5723,329.75,-27.733333333333334
5724,329.32500000000005,-28.78333333333333
5725,328.875,-29.81666666666667
5726,328.4125,-30.833333333333336
5727,327.9375,-31.85
5728,327.45000000000005,-32.866666666666674
5729,326.9375,-33.866666666666674
5730,326.425,-34.866666666666674
5731,325.88750000000005,-35.85
5732,325.32500000000005,-36.833333333333336
5733,324.76250000000005,-37.800000000000004
5734,324.175,-38.76666666666667
5735,323.5625,-39.75
5736,322.9375,-40.71666666666667
5737,322.2875,-41.7
5738,321.6125,-42.7
5739,320.9125,-43.68333333333334
5740,320.1875,-44.666666666666664
5741,319.4375,-45.63333333333334
5742,318.6625,-46.6
5743,317.875,-47.56666666666666
5744,317.0625,-48.5
5745,316.225,-49.43333333333334
5746,315.375,-50.35
5747,314.5125,-51.23333333333334
5748,313.625,-52.11666666666667
5749,312.725,-52.96666666666667
5750,311.8125,-53.81666666666666
5751,310.875,-54.63333333333334
5752,309.9125,-55.416666666666664
5753,308.95,-56.2
5754,307.96250000000003,-56.95
5755,306.96250000000003,-57.66666666666667
5756,305.9375,-58.35000000000001
5757,304.9125,-59.016666666666666
5758,303.8625,-59.66666666666667
5759,302.8,-60.266666666666666
5760,301.725,-60.85000000000001
5761,300.6375,-61.400000000000006
5762,299.52500000000003,-61.91666666666667
5763,298.40000000000003,-62.41666666666667
5764,297.2625,-62.900000000000006
5765,296.08750000000003,-63.35000000000001
5766,294.90000000000003,-63.766666666666666
5767,293.7,-64.16666666666667
5768,292.4875,-64.53333333333335
5769,291.25,-64.86666666666666
5770,290.0125,-65.16666666666667
5771,288.7625,-65.43333333333334
5772,287.5125,-65.66666666666667
5773,286.25,-65.86666666666666
5774,284.9875,-66.05
5775,283.7,-66.21666666666667
5776,282.4125,-66.33333333333334
5777,281.1,-66.45
5778,279.7875,-66.53333333333335
5779,278.45,-66.60000000000001
5780,277.1125,-66.63333333333334
5781,275.7625,-66.65
5782,274.40000000000003,-66.63333333333334
5783,273.02500000000003,-66.58333333333334
5784,271.6375,-66.51666666666667
5785,270.25,-66.41666666666667
5786,268.85,-66.3
5787,267.45,-66.15
5788,266.0375,-65.96666666666667
5789,264.6125,-65.75
5790,263.20000000000005,-65.51666666666667
5791,261.76250000000005,-65.25
5792,260.32500000000005,-64.96666666666667
5793,258.88750000000005,-64.66666666666667
5794,257.4375,-64.35000000000001
5795,255.97500000000002,-64.0
5796,254.51250000000002,-63.650000000000006
5797,253.03750000000002,-63.266666666666666
5798,251.55,-62.88333333333334
5799,250.0625,-62.5
5800,248.55,-62.10000000000001
5801,247.025,-61.68333333333334
5802,245.4875,-61.266666666666666
5803,243.925,-60.85000000000001
5804,242.3625,-60.43333333333334
5805,240.775,-60.016666666666666
5806,239.175,-59.58333333333334
5807,237.55,-59.16666666666667
5808,235.91250000000002,-58.75
5809,234.275,-58.33333333333334
5810,232.63750000000002,-57.91666666666667
5811,230.9875,-57.516666666666666
5812,229.32500000000002,-57.10000000000001
5813,227.65,-56.7
5814,225.9625,-56.3
5815,224.26250000000002,-55.916666666666664
5816,222.53750000000002,-55.516666666666666
5817,220.8125,-55.11666666666667
5818,219.0625,-54.73333333333334
5819,217.3,-54.35
5820,215.53750000000002,-53.96666666666667
5821,213.75,-53.58333333333334
5822,211.95000000000002,-53.2
5823,210.13750000000002,-52.81666666666666
5824,208.3125,-52.45
5825,206.47500000000002,-52.06666666666666
5826,204.625,-51.68333333333334
5827,202.76250000000002,-51.31666666666666
5828,200.88750000000002,-50.93333333333334
5829,199.0,-50.550000000000004
5830,197.10000000000002,-50.166666666666664
5831,195.1875,-49.78333333333334
5832,193.26250000000002,-49.38333333333334
5833,191.32500000000002,-49.0
5834,189.375,-48.6
5835,187.41250000000002,-48.2
5836,185.4375,-47.800000000000004
5837,183.4625,-47.400000000000006
5838,181.4625,-47.0
5839,179.4625,-46.6
5840,177.4375,-46.2
5841,175.41250000000002,-45.78333333333334
5842,173.3625,-45.38333333333334
5843,171.3125,-44.96666666666667
5844,169.25,-44.550000000000004
5845,167.1875,-44.13333333333334
5846,165.125,-43.71666666666667
5847,163.0625,-43.300000000000004
5848,160.9875,-42.88333333333333
5849,158.9,-42.46666666666667
5850,156.8,-42.03333333333333
5851,154.70000000000002,-41.6
5852,152.5875,-41.16666666666667
5853,150.4625,-40.71666666666667
5854,148.3375,-40.26666666666667
5855,146.20000000000002,-39.800000000000004
5856,144.05,-39.333333333333336
5857,141.9125,-38.85
5858,139.775,-38.366666666666674
5859,137.65,-37.866666666666674
5860,135.55,-37.366666666666674
5861,133.5,-36.866666666666674
5862,131.47500000000002,-36.38333333333333
5863,129.4875,-35.900000000000006
5864,127.53750000000001,-35.400000000000006
5865,125.625,-34.91666666666667
5866,123.75,-34.45
5867,121.91250000000001,-33.96666666666667
5868,120.11250000000001,-33.5
5869,118.35000000000001,-33.050000000000004
5870,116.625,-32.583333333333336
5871,114.95,-32.13333333333333
5872,113.30000000000001,-31.683333333333337
5873,111.6875,-31.233333333333334
5874,110.125,-30.78333333333333
5875,108.5875,-30.35
5876,107.0875,-29.9
5877,105.625,-29.46666666666667
5878,104.1875,-29.016666666666673
5879,102.775,-28.56666666666667
5880,101.3875,-28.1
5881,100.0125,-27.633333333333333
5882,98.65,-27.133333333333333
5883,97.30000000000001,-26.633333333333333
5884,95.9625,-26.1
5885,94.625,-25.550000000000004
5886,93.30000000000001,-24.96666666666667
5887,92.0,-24.383333333333333
5888,90.7,-23.75
5889,89.41250000000001,-23.11666666666667
5890,88.1375,-22.433333333333334
5891,86.85000000000001,-21.733333333333334
5892,85.5625,-21.01666666666667
5893,84.28750000000001,-20.25
5894,83.0,-19.46666666666667
5895,81.72500000000001,-18.650000000000002
5896,80.4625,-17.78333333333333
5897,79.2125,-16.900000000000002
5898,77.97500000000001,-15.983333333333334
5899,76.7625,-15.05
5900,75.575,-14.083333333333336
5901,74.4,-13.083333333333336
5902,73.25,-12.066666666666666
5903,72.11250000000001,-11.016666666666666
5904,70.98750000000001,-9.933333333333334
5905,69.86250000000001,-8.816666666666666
5906,68.75,-7.683333333333335
5907,67.65,-6.516666666666666
5908,66.5625,-5.333333333333336
5909,65.48750000000001,-4.116666666666667
5910,64.42500000000001,-2.866666666666667
5911,63.375,-1.6000000000000014
5912,62.362500000000004,-0.3166666666666682
5913,61.35,1.0
5914,60.362500000000004,2.3166666666666664
5915,59.3875,3.6833333333333336
5916,58.4375,5.05
5917,57.5125,6.466666666666667
5918,56.6,7.9
5919,55.712500000000006,9.35
5920,54.837500000000006,10.833333333333334
5921,53.987500000000004,12.333333333333334
5922,53.150000000000006,13.850000000000001
5923,52.337500000000006,15.383333333333333
5924,51.550000000000004,16.950000000000003
5925,50.7625,18.53333333333333
5926,50.0125,20.15
5927,49.275,21.766666666666666
5928,48.5625,23.416666666666664
5929,47.875,25.083333333333336
5930,47.2,26.766666666666666
5931,46.5375,28.46666666666667
5932,45.9125,30.183333333333337
5933,45.300000000000004,31.916666666666668
5934,44.7125,33.68333333333334
5935,44.1375,35.45
5936,43.6,37.25
5937,43.075,39.06666666666667
5938,42.587500000000006,40.88333333333333
5939,42.1125,42.733333333333334
5940,41.6625,44.6
5941,41.2375,46.46666666666667
5942,40.837500000000006,48.366666666666674
5943,40.462500000000006,50.28333333333333
5944,40.1125,52.2
5945,39.775000000000006,54.13333333333333
5946,39.462500000000006,56.083333333333336
5947,39.175,58.050000000000004
5948,38.9125,60.03333333333334
5949,38.6625,62.016666666666666
5950,38.4375,64.03333333333333
5951,38.225,66.05000000000001
5952,38.025000000000006,68.06666666666666
5953,37.837500000000006,70.11666666666667
5954,37.6625,72.16666666666667
5955,37.5125,74.23333333333333
5956,37.3625,76.31666666666666
5957,37.225,78.4
5958,37.087500000000006,80.5
5959,36.975,82.60000000000001
5960,36.8625,84.73333333333333
5961,36.7625,86.86666666666667
5962,36.675,89.0
5963,36.6,91.15
5964,36.525000000000006,93.31666666666666
5965,36.4875,95.5
5966,36.45,97.68333333333334
5967,36.425,99.88333333333334
5968,36.4125,102.08333333333334
5969,36.4125,104.30000000000001
5970,36.425,106.51666666666667
5971,36.462500000000006,108.73333333333335
5972,36.5,110.96666666666668
5973,36.55,113.18333333333334
5974,36.6125,115.43333333333334
5975,36.675,117.68333333333334
5976,36.75,119.93333333333334
5977,36.825,122.2
5978,36.9125,124.48333333333333
5979,36.9875,126.75
5980,37.075,129.05
5981,37.150000000000006,131.35000000000002
5982,37.225,133.66666666666669
5983,37.3125,135.98333333333335
5984,37.3875,138.3166666666667
5985,37.45,140.65
5986,37.525000000000006,143.0
5987,37.587500000000006,145.35
5988,37.650000000000006,147.71666666666667
5989,37.725,150.08333333333334
5990,37.7875,152.46666666666667
5991,37.837500000000006,154.86666666666667
5992,37.900000000000006,157.3
5993,37.95,159.66666666666669
5994,38.0125,162.08333333333334
5995,38.0625,164.5
5996,38.1125,166.91666666666669
5997,38.1625,169.35000000000002
5998,38.212500000000006,171.78333333333333
5999,38.2625,174.23333333333335
6000,38.3125,176.68333333333334
6001,38.375,179.15
6002,38.4375,181.63333333333333
6003,38.5,184.10000000000002
6004,38.587500000000006,186.60000000000002
6005,38.6875,189.08333333333334
6006,38.8125,191.58333333333334
6007,38.9375,194.10000000000002
6008,39.1,196.61666666666667
6009,39.275000000000006,199.13333333333333
6010,39.475,201.66666666666669
6011,39.712500000000006,204.20000000000002
6012,39.962500000000006,206.73333333333335
6013,40.2375,209.26666666666668
6014,40.525000000000006,211.8166666666667
6015,40.837500000000006,214.36666666666667
6016,41.1875,216.91666666666666
6017,41.55,219.48333333333335
6018,41.9375,222.03333333333336
6019,42.337500000000006,224.61666666666667
6020,42.7625,227.18333333333337
6021,43.2125,229.75
6022,43.675000000000004,232.33333333333337
6023,44.1625,234.91666666666666
6024,44.6625,237.5
6025,45.175000000000004,240.10000000000002
6026,45.7,242.68333333333337
6027,46.25,245.28333333333336
6028,46.825,247.9
6029,47.4125,250.5
6030,48.0125,253.11666666666667
6031,48.6375,255.71666666666667
6032,49.275,258.33333333333337
6033,49.9375,260.95000000000005
6034,50.612500000000004,263.58333333333337
6035,51.3125,266.2
6036,52.025000000000006,268.81666666666666
6037,52.75,271.45
6038,53.5,274.08333333333337
6039,54.25,276.71666666666664
6040,55.0125,279.35
6041,55.7875,282.0
6042,56.575,284.65000000000003
6043,57.362500000000004,287.3
6044,58.150000000000006,289.95
6045,58.9375,292.58333333333337
6046,59.737500000000004,295.23333333333335
6047,60.525000000000006,297.8833333333334
6048,61.3125,300.55
6049,62.1,303.21666666666664
6050,62.8875,305.8833333333334
6051,63.675000000000004,308.56666666666666
6052,64.45,311.25
6053,65.23750000000001,313.95
6054,66.0125,316.65000000000003
6055,66.775,319.35
6056,67.55000000000001,322.06666666666666
6057,68.325,324.78333333333336
6058,69.1,327.51666666666665
6059,69.875,330.25
6060,70.65,332.98333333333335
6061,71.4125,335.73333333333335
6062,72.1875,338.48333333333335
6063,72.975,341.25
6064,73.75,344.0
6065,74.525,346.76666666666665
6066,75.3,349.53333333333336
6067,76.0625,352.28333333333336
6068,76.825,355.0
6069,77.5625,357.6833333333334
6070,78.3,360.33333333333337
6071,79.0125,362.95000000000005
6072,79.7125,365.51666666666665
6073,80.3875,368.05
6074,81.0625,370.53333333333336
6075,81.72500000000001,373.0
6076,82.3625,375.40000000000003
6077,83.0,377.76666666666665
6078,83.6125,380.1
6079,84.2125,382.3833333333334
6080,84.8125,384.65000000000003
6081,85.4,386.8666666666667
6082,85.9625,389.05
6083,86.5125,391.1833333333334
6084,87.0625,393.28333333333336
6085,87.5875,395.35
6086,88.10000000000001,397.3833333333334
6087,88.5875,399.3666666666667
6088,89.0625,401.31666666666666
6089,89.525,403.25
6090,89.95,405.1333333333334
6091,90.36250000000001,406.98333333333335
6092,90.75,408.8
6093,91.11250000000001,410.58333333333337
6094,91.45,412.35
6095,91.7625,414.1
6096,92.0625,415.81666666666666
6097,92.325,417.48333333333335
6098,92.575,419.1333333333333
6099,92.78750000000001,420.7666666666667
6100,92.98750000000001,422.35
6101,93.16250000000001,423.90000000000003
6102,93.3125,425.43333333333334
6103,93.42500000000001,426.95000000000005
6104,93.5125,428.48333333333335
6105,93.5625,430.0
6106,93.5875,431.5166666666667
6107,93.5625,433.0166666666667
6108,93.5125,434.5333333333333
6109,93.42500000000001,436.0333333333333
6110,93.3125,437.5166666666667
6111,93.16250000000001,439.0166666666667
6112,92.9625,440.48333333333335
6113,92.73750000000001,441.95000000000005
6114,92.4625,443.48333333333335
6115,92.15,445.0
6116,91.8125,446.43333333333334
6117,91.5,447.6
6118,91.025,449.23333333333335
6119,90.5875,450.61666666666673
6120,90.1875,451.75
6121,89.6875,453.11666666666673
6122,89.0625,454.66666666666674
6123,88.5875,455.75
6124,87.8875,457.25
6125,87.2375,458.5333333333333
6126,86.6875,459.5666666666667
6127,85.9625,460.85
6128,85.125,462.25
6129,84.47500000000001,463.25
6130,83.53750000000001,464.6333333333333
6131,82.7125,465.8
6132,82.0,466.75
6133,80.97500000000001,468.05
6134,80.0625,469.15000000000003
6135,79.28750000000001,470.0333333333333
6136,78.325,471.1
6137,77.175,472.3
6138,76.325,473.15000000000003
6139,75.10000000000001,474.3
6140,74.0125,475.2666666666667
6141,73.0875,476.0666666666667
6142,71.7625,477.15000000000003
6143,70.5875,478.05
6144,69.5875,478.8
6145,68.1625,479.8
6146,66.9125,480.61666666666673
6147,65.85,481.2833333333333
6148,64.3375,482.18333333333334
6149,63.0125,482.91666666666674
6150,61.8875,483.5
6151,60.300000000000004,484.2833333333333
6152,58.900000000000006,484.91666666666674
6153,57.725,485.41666666666674
6154,56.0625,486.0833333333333
6155,54.625,486.6
6156,53.400000000000006,487.0166666666667
6157,51.6875,487.5333333333333
6158,50.1875,487.95000000000005
6159,48.9375,488.2666666666667
6160,47.1625,488.65000000000003
6161,45.625,488.9666666666667
6162,44.325,489.18333333333334
6163,42.5,489.4666666666667
6164,40.9125,489.68333333333334
6165,39.575,489.8333333333333
6166,37.7,490.0166666666667
6167,36.075,490.16666666666674
6168,34.712500000000006,490.3
6169,32.7875,490.48333333333335
6170,31.137500000000003,490.65000000000003
6171,29.7375,490.8
6172,27.7875,491.0166666666667
6173,26.1,491.2166666666667
6174,24.6875,491.3833333333333
6175,22.6875,491.61666666666673
6176,20.9625,491.8166666666667
6177,19.525,491.98333333333335
6178,17.475,492.20000000000005
6179,15.725000000000001,492.36666666666673
6180,14.2375,492.5
6181,12.1625,492.68333333333334
6182,10.3625,492.8166666666667
6183,8.8625,492.93333333333334
6184,6.725,493.0666666666667
6185,4.8999999999999995,493.16666666666674
6186,3.3625,493.23333333333335
6187,1.1999999999999993,493.3166666666667
6188,-0.6750000000000007,493.35
6189,-2.2375000000000007,493.3833333333333
6190,-4.450000000000001,493.3833333333333
6191,-6.350000000000001,493.35
6192,-7.9375,493.3166666666667
6193,-10.175,493.2166666666667
6194,-12.100000000000001,493.11666666666673
6195,-13.725000000000001,493.0166666666667
6196,-15.9875,492.85
6197,-17.950000000000003,492.68333333333334
6198,-19.587500000000002,492.5333333333333
6199,-21.887500000000003,492.2833333333333
6200,-23.862500000000004,492.0333333333333
6201,-25.525,491.8166666666667
6202,-27.85,491.4666666666667
6203,-29.85,491.15000000000003
6204,-31.525000000000006,490.8833333333333
6205,-33.875,490.48333333333335
6206,-35.900000000000006,490.11666666666673
6207,-37.6,489.8
6208,-39.987500000000004,489.36666666666673
6209,-42.0375,488.9666666666667
6210,-43.75,488.6333333333333
6211,-46.175000000000004,488.16666666666674
6212,-48.25,487.75
6213,-50.0,487.40000000000003
6214,-52.4375,486.91666666666674
6215,-54.55,486.48333333333335
6216,-56.3125,486.11666666666673
6217,-58.8,485.61666666666673
6218,-60.925,485.16666666666674
6219,-62.712500000000006,484.8
6220,-65.22500000000001,484.2666666666667
6221,-67.375,483.8
6222,-69.17500000000001,483.41666666666674
6223,-71.67500000000001,482.8833333333333
6224,-73.8375,482.41666666666674
6225,-75.6375,482.0333333333333
6226,-78.17500000000001,481.48333333333335
6227,-80.35000000000001,481.0166666666667
6228,-82.17500000000001,480.6333333333333
6229,-84.73750000000001,480.0833333333333
6230,-86.95,479.61666666666673
6231,-88.80000000000001,479.2166666666667
6232,-91.3875,478.66666666666674
6233,-93.61250000000001,478.20000000000005
6234,-95.47500000000001,477.8166666666667
6235,-98.10000000000001,477.2666666666667
6236,-100.35000000000001,476.8
6237,-102.23750000000001,476.41666666666674
6238,-104.8875,475.86666666666673
6239,-107.17500000000001,475.40000000000003
6240,-109.075,475.0166666666667
6241,-111.75,474.48333333333335
6242,-114.05000000000001,474.0333333333333
6243,-115.97500000000001,473.65000000000003
6244,-118.6875,473.11666666666673
6245,-121.01250000000002,472.66666666666674
6246,-122.9625,472.3
6247,-125.70000000000002,471.7833333333333
6248,-128.05,471.3333333333333
6249,-130.025,470.9666666666667
6250,-132.7875,470.4666666666667
6251,-135.1625,470.0333333333333
6252,-137.1625,469.66666666666674
6253,-139.95000000000002,469.16666666666674
6254,-142.3625,468.75
6255,-144.3625,468.40000000000003
6256,-147.20000000000002,467.91666666666674
6257,-149.625,467.5
6258,-151.65,467.16666666666674
6259,-154.5,466.68333333333334
6260,-156.9625,466.2666666666667
6261,-159.01250000000002,465.93333333333334
6262,-161.88750000000002,465.43333333333334
6263,-164.3625,465.0166666666667
6264,-166.425,464.66666666666674
6265,-169.32500000000002,464.15000000000003
6266,-171.82500000000002,463.7166666666667
6267,-173.9,463.3333333333333
6268,-176.82500000000002,462.8166666666667
6269,-179.3375,462.36666666666673
6270,-181.4375,461.98333333333335
6271,-184.38750000000002,461.4666666666667
6272,-186.925,461.0166666666667
6273,-189.05,460.65000000000003
6274,-192.025,460.15000000000003
6275,-194.60000000000002,459.7166666666667
6276,-196.72500000000002,459.36666666666673
6277,-199.7375,458.90000000000003
6278,-202.15,458.5166666666667
6279,-204.75,458.11666666666673
6280,-207.35000000000002,457.7166666666667
6281,-209.9625,457.3333333333333
6282,-212.57500000000002,456.95000000000005
6283,-215.20000000000002,456.5833333333333
6284,-217.8375,456.20000000000005
6285,-220.47500000000002,455.8333333333333
6286,-223.125,455.48333333333335
6287,-225.76250000000002,455.1333333333333
6288,-228.375,454.7833333333333
6289,-230.95000000000002,454.45000000000005
6290,-233.4875,454.11666666666673
6291,-235.9875,453.7833333333333
6292,-238.4375,453.4666666666667
6293,-240.8375,453.15000000000003
6294,-243.20000000000002,452.8333333333333
6295,-245.5125,452.5166666666667
6296,-247.77500000000003,452.20000000000005
6297,-249.9875,451.8833333333333
6298,-252.16250000000002,451.5666666666667
6299,-254.3,451.25
6300,-256.40000000000003,450.93333333333334
6301,-258.46250000000003,450.6
6302,-260.5,450.2833333333333
6303,-262.4875,449.95000000000005
6304,-264.45,449.61666666666673
6305,-266.3625,449.2833333333333
6306,-268.2375,448.95000000000005
6307,-270.075,448.5833333333333
6308,-271.875,448.23333333333335
6309,-273.6375,447.85
6310,-275.3625,447.4666666666667
6311,-277.0625,447.0666666666667
6312,-278.7375,446.6333333333333
6313,-280.3875,446.18333333333334
6314,-282.02500000000003,445.70000000000005
6315,-283.65000000000003,445.18333333333334
6316,-285.25,444.65000000000003
6317,-286.825,444.0666666666667
6318,-288.3875,443.4666666666667
6319,-289.9375,442.8333333333333
6320,-291.45,442.18333333333334
6321,-292.95,441.5
6322,-294.425,440.7833333333333
6323,-295.8875,440.05
6324,-297.32500000000005,439.2833333333333
6325,-298.7375,438.48333333333335
6326,-300.125,437.66666666666674
6327,-301.475,436.8166666666667
6328,-302.8125,435.93333333333334
6329,-304.1,435.0166666666667
6330,-305.375,434.0666666666667
6331,-306.6,433.0833333333333
6332,-307.8,432.05
6333,-308.975,431.0
6334,-310.125,429.8833333333333
6335,-311.25,428.75
6336,-312.35,427.5666666666667
6337,-313.4375,426.36666666666673
6338,-314.4875,425.11666666666673
6339,-315.52500000000003,423.85
6340,-316.52500000000003,422.55
6341,-317.51250000000005,421.23333333333335
6342,-318.475,419.8833333333333
6343,-319.4125,418.5
6344,-320.32500000000005,417.1
6345,-321.20000000000005,415.6833333333334
6346,-322.0625,414.23333333333335
6347,-322.88750000000005,412.76666666666665
6348,-323.6875,411.28333333333336
6349,-324.45000000000005,409.78333333333336
6350,-325.175,408.25
6351,-325.88750000000005,406.70000000000005
6352,-326.5625,405.15000000000003
6353,-327.20000000000005,403.56666666666666
6354,-327.8,401.98333333333335
6355,-328.375,400.3666666666667
6356,-328.9125,398.75
6357,-329.4125,397.1
6358,-329.875,395.45000000000005
6359,-330.3,393.78333333333336
6360,-330.6875,392.1166666666667
6361,-331.05,390.4166666666667
6362,-331.3625,388.73333333333335
6363,-331.63750000000005,387.03333333333336
6364,-331.875,385.31666666666666
6365,-332.08750000000003,383.6166666666667
6366,-332.25,381.90000000000003
6367,-332.375,380.1833333333334
6368,-332.46250000000003,378.4666666666667
6369,-332.52500000000003,376.75
6370,-332.55,375.03333333333336
6371,-332.57500000000005,373.3
6372,-332.6,371.58333333333337
6373,-332.65000000000003,369.8666666666667
6374,-332.70000000000005,368.15000000000003
6375,-332.77500000000003,366.45000000000005
6376,-332.85,364.73333333333335
6377,-332.96250000000003,363.03333333333336
6378,-333.08750000000003,361.35
6379,-333.21250000000003,359.6666666666667
6380,-333.375,357.98333333333335
6381,-333.55,356.3
6382,-333.75,354.6333333333334
6383,-333.9875,352.98333333333335
6384,-334.25,351.33333333333337
6385,-334.51250000000005,349.70000000000005
6386,-334.8,348.06666666666666
6387,-335.1,346.4666666666667
6388,-335.4875,344.9166666666667
6389,-336.0375,343.48333333333335
6390,-336.675,342.1333333333334
6391,-337.2875,340.78333333333336
6392,-337.90000000000003,339.45000000000005
6393,-338.51250000000005,338.1
6394,-339.1125,336.78333333333336
6395,-339.71250000000003,335.4666666666667
6396,-340.32500000000005,334.15000000000003
6397,-340.95000000000005,332.8666666666667
6398,-341.6,331.6
6399,-342.26250000000005,330.33333333333337
6400,-342.95000000000005,329.1
6401,-343.65000000000003,327.8666666666667
6402,-344.33750000000003,326.6833333333334
6403,-345.0625,325.51666666666665
6404,-345.8125,324.3833333333334
6405,-346.57500000000005,323.26666666666665
6406,-347.33750000000003,322.1666666666667
6407,-348.1,321.08333333333337
6408,-348.8625,320.0
6409,-349.625,318.95000000000005
6410,-350.425,317.9333333333334
6411,-351.225,316.95000000000005
6412,-352.0375,315.98333333333335
6413,-352.85,315.03333333333336
6414,-353.6875,314.1
6415,-354.52500000000003,313.2
6416,-355.38750000000005,312.33333333333337
6417,-356.25,311.48333333333335
6418,-357.13750000000005,310.6666666666667
6419,-358.05,309.8666666666667
6420,-358.975,309.08333333333337
6421,-359.925,308.33333333333337
6422,-360.875,307.6166666666667
6423,-361.85,306.9166666666667
6424,-362.83750000000003,306.23333333333335
6425,-363.85,305.56666666666666
6426,-364.8625,304.9166666666667
6427,-365.90000000000003,304.3
6428,-366.95000000000005,303.68333333333334
6429,-368.01250000000005,303.06666666666666
6430,-369.08750000000003,302.46666666666664
6431,-370.1625,301.85
6432,-371.25,301.25
6433,-372.3125,300.65000000000003
6434,-373.375,300.05
6435,-374.425,299.4166666666667
6436,-375.45000000000005,298.78333333333336
6437,-376.45000000000005,298.1333333333334
6438,-377.4375,297.46666666666664
6439,-378.35,296.8
6440,-378.55,296.33333333333337
6441,-378.52500000000003,295.95
6442,-378.475,295.6
6443,-378.4125,295.26666666666665
6444,-378.3625,294.93333333333334
6445,-378.3,294.56666666666666
6446,-378.26250000000005,294.25
6447,-378.21250000000003,293.90000000000003
6448,-378.175,293.53333333333336
6449,-378.15000000000003,293.1666666666667
6450,-378.13750000000005,292.8
6451,-378.125,292.43333333333334
6452,-378.1125,292.05
6453,-378.07500000000005,291.68333333333334
6454,-378.02500000000003,291.3
6455,-377.9375,290.93333333333334
6456,-377.82500000000005,290.58333333333337
6457,-377.70000000000005,290.21666666666664
6458,-377.5625,289.8666666666667
6459,-377.4125,289.51666666666665
6460,-377.2375,289.18333333333334
6461,-377.05,288.85
6462,-376.85,288.53333333333336
6463,-376.63750000000005,288.23333333333335
6464,-376.4125,287.93333333333334
6465,-376.175,287.6666666666667
6466,-375.925,287.4166666666667
6467,-375.675,287.18333333333334
6468,-375.4125,286.98333333333335
6469,-375.1625,286.8
6470,-374.9125,286.65000000000003
6471,-374.65000000000003,286.51666666666665
6472,-374.40000000000003,286.40000000000003
6473,-374.15000000000003,286.31666666666666
6474,-373.9125,286.25
6475,-373.6625,286.21666666666664
6476,-373.425,286.18333333333334
6477,-373.20000000000005,286.18333333333334
6478,-372.96250000000003,286.2
6479,-372.7375,286.23333333333335
6480,-372.51250000000005,286.28333333333336
6481,-372.3,286.33333333333337
6482,-372.08750000000003,286.4166666666667
6483,-371.88750000000005,286.51666666666665
6484,-371.6875,286.6166666666667
6485,-371.4875,286.73333333333335
6486,-371.3125,286.8666666666667
6487,-371.13750000000005,287.01666666666665
6488,-370.9875,287.1666666666667
6489,-370.83750000000003,287.33333333333337
6490,-370.70000000000005,287.5
6491,-370.58750000000003,287.6666666666667
6492,-370.4875,287.85
6493,-370.4125,288.03333333333336
6494,-370.33750000000003,288.2
6495,-370.27500000000003,288.3833333333334
6496,-370.2375,288.56666666666666
6497,-370.20000000000005,288.75
6498,-370.175,288.9166666666667
6499,-370.15000000000003,289.08333333333337
6500,-370.15000000000003,289.23333333333335
6501,-370.13750000000005,289.3833333333334
6502,-370.15000000000003,289.51666666666665
6503,-370.1625,289.6666666666667
6504,-370.20000000000005,289.81666666666666
6505,-370.2375,289.96666666666664
6506,-370.3,290.1
6507,-370.3625,290.25
6508,-370.4375,290.3666666666667
6509,-370.51250000000005,290.5
6510,-370.6,290.6
6511,-370.70000000000005,290.71666666666664
6512,-370.7875,290.8
6513,-370.88750000000005,290.90000000000003
6514,-370.975,290.98333333333335
6515,-371.07500000000005,291.05
6516,-371.1625,291.1166666666667
6517,-371.25,291.1666666666667
6518,-371.33750000000003,291.21666666666664
6519,-371.425,291.25
6520,-371.5,291.28333333333336
6521,-371.57500000000005,291.3
6522,-371.63750000000005,291.33333333333337
6523,-371.70000000000005,291.35
6524,-371.75,291.35
6525,-371.8,291.35
6526,-371.83750000000003,291.35
6527,-371.875,291.35
6528,-371.9125,291.33333333333337
6529,-371.9375,291.33333333333337
6530,-371.95000000000005,291.31666666666666
6531,-371.96250000000003,291.3
6532,-371.975,291.28333333333336
6533,-371.975,291.25
6534,-371.975,291.23333333333335
6535,-371.96250000000003,291.2
6536,-371.9375,291.1666666666667
6537,-371.9125,291.15000000000003
6538,-371.875,291.1166666666667
6539,-371.83750000000003,291.08333333333337
6540,-371.7875,291.05
6541,-371.7375,291.0
6542,-371.675,290.96666666666664
6543,-371.6125,290.9166666666667
6544,-371.5375,290.8666666666667
6545,-371.46250000000003,290.81666666666666
6546,-371.375,290.76666666666665
6547,-371.2875,290.71666666666664
6548,-371.1875,290.65000000000003
6549,-371.07500000000005,290.6
6550,-370.96250000000003,290.53333333333336
6551,-370.85,290.46666666666664
6552,-370.725,290.40000000000003
6553,-370.58750000000003,290.33333333333337
6554,-370.45000000000005,290.25
6555,-370.3,290.18333333333334
6556,-370.15000000000003,290.1
6557,-369.9875,290.01666666666665
6558,-369.82500000000005,289.9166666666667
6559,-369.65000000000003,289.81666666666666
6560,-369.475,289.71666666666664
6561,-369.2875,289.6166666666667
6562,-369.1,289.51666666666665
6563,-368.90000000000003,289.40000000000003
6564,-368.70000000000005,289.26666666666665
6565,-368.4875,289.1166666666667
6566,-368.3,288.98333333333335
6567,-368.1125,288.81666666666666
6568,-367.9125,288.65000000000003
6569,-367.71250000000003,288.46666666666664
6570,-367.52500000000003,288.26666666666665
6571,-367.33750000000003,288.05
6572,-367.1625,287.83333333333337
6573,-367.0,287.6
6574,-366.85,287.3666666666667
6575,-366.725,287.1166666666667
6576,-366.6,286.8666666666667
6577,-366.5,286.6166666666667
6578,-366.425,286.3666666666667
6579,-366.3625,286.1166666666667
6580,-366.3125,285.8833333333334
6581,-366.27500000000003,285.6333333333334
6582,-366.26250000000005,285.4166666666667
6583,-366.26250000000005,285.18333333333334
6584,-366.26250000000005,284.96666666666664
6585,-366.27500000000003,284.76666666666665
6586,-366.3,284.56666666666666
6587,-366.32500000000005,284.3666666666667
6588,-366.3625,284.18333333333334
6589,-366.4125,284.01666666666665
6590,-366.46250000000003,283.8666666666667
6591,-366.52500000000003,283.7
6592,-366.6,283.56666666666666
6593,-366.675,283.43333333333334
6594,-366.77500000000003,283.3
6595,-366.875,283.18333333333334
6596,-366.9875,283.1
6597,-367.1125,283.01666666666665
6598,-367.225,282.95
6599,-367.33750000000003,282.90000000000003
6600,-367.45000000000005,282.8666666666667
6601,-367.5625,282.83333333333337
6602,-367.6625,282.83333333333337
6603,-367.75,282.83333333333337
6604,-367.82500000000005,282.85
6605,-367.90000000000003,282.8833333333334
6606,-367.96250000000003,282.9166666666667
6607,-368.01250000000005,282.96666666666664
6608,-368.0625,283.01666666666665
6609,-368.08750000000003,283.08333333333337
6610,-368.1125,283.15000000000003
6611,-368.1125,283.21666666666664
6612,-368.1,283.3
6613,-368.07500000000005,283.3833333333334
6614,-368.0375,283.46666666666664
6615,-368.0,283.55
6616,-367.9375,283.6333333333334
6617,-367.8625,283.71666666666664
6618,-367.7875,283.8
6619,-367.6875,283.8833333333334
6620,-367.57500000000005,283.95
6621,-367.46250000000003,284.01666666666665
6622,-367.32500000000005,284.08333333333337
6623,-367.1875,284.1333333333334
6624,-367.05,284.1666666666667
6625,-366.88750000000005,284.2
6626,-366.7375,284.23333333333335
6627,-366.5625,284.23333333333335
6628,-366.40000000000003,284.23333333333335
6629,-366.2375,284.21666666666664
6630,-366.0625,284.2
6631,-365.90000000000003,284.1666666666667
6632,-365.725,284.1166666666667
6633,-365.5625,284.05
6634,-365.4125,283.98333333333335
6635,-365.26250000000005,283.9166666666667
6636,-365.125,283.83333333333337
6637,-365.0,283.75
6638,-364.90000000000003,283.68333333333334
6639,-364.8,283.6166666666667
6640,-364.71250000000003,283.56666666666666
6641,-364.63750000000005,283.51666666666665
6642,-364.57500000000005,283.48333333333335
6643,-364.52500000000003,283.45
6644,-364.4875,283.4166666666667
6645,-364.46250000000003,283.40000000000003
6646,-364.4375,283.40000000000003
6647,-364.4125,283.4166666666667
6648,-364.40000000000003,283.43333333333334
6649,-364.40000000000003,283.45
6650,-364.38750000000005,283.46666666666664
6651,-364.375,283.48333333333335
6652,-364.3625,283.48333333333335
6653,-364.3625,283.5
6654,-364.35,283.5
6655,-364.35,283.5
6656,-364.35,283.5
6657,-364.33750000000003,283.51666666666665
6658,-364.32500000000005,283.51666666666665
6659,-364.32500000000005,283.51666666666665
6660,-364.3125,283.53333333333336
6661,-364.3125,283.53333333333336
6662,-364.3125,283.53333333333336
6663,-364.3125,283.53333333333336
6664,-364.3125,283.53333333333336
6665,-364.32500000000005,283.51666666666665
6666,-364.33750000000003,283.5
6667,-364.3625,283.48333333333335
6668,-364.38750000000005,283.45
6669,-364.425,283.4166666666667
6670,-364.475,283.3833333333334
6671,-364.52500000000003,283.31666666666666
6672,-364.57500000000005,283.26666666666665
6673,-364.63750000000005,283.2
6674,-364.71250000000003,283.1166666666667
6675,-364.7875,283.03333333333336
6676,-364.8625,282.95
6677,-364.95000000000005,282.85
6678,-365.0375,282.73333333333335
6679,-365.13750000000005,282.6166666666667
6680,-365.225,282.5
6681,-365.32500000000005,282.3666666666667
6682,-365.425,282.21666666666664
6683,-365.5375,282.06666666666666
6684,-365.63750000000005,281.9166666666667
6685,-365.7375,281.73333333333335
6686,-365.85,281.55
6687,-365.95000000000005,281.3666666666667
6688,-366.05,281.1666666666667
6689,-366.125,280.95
6690,-366.175,280.75
6691,-366.225,280.53333333333336
6692,-366.25,280.31666666666666
6693,-366.27500000000003,280.1
6694,-366.3,279.90000000000003
6695,-366.32500000000005,279.68333333333334
6696,-366.35,279.45
6697,-366.38750000000005,279.23333333333335
6698,-366.4125,279.0
6699,-366.4375,278.76666666666665
6700,-366.46250000000003,278.55
6701,-366.4875,278.33333333333337
6702,-366.51250000000005,278.08333333333337
6703,-366.5375,277.8833333333334
6704,-366.5625,277.6666666666667
6705,-366.58750000000003,277.45
6706,-366.6125,277.21666666666664
6707,-366.63750000000005,276.98333333333335
6708,-366.6625,276.75
6709,-366.6875,276.51666666666665
6710,-366.71250000000003,276.26666666666665
6711,-366.75,276.0
6712,-366.77500000000003,275.73333333333335
6713,-366.8125,275.45
6714,-366.83750000000003,275.15000000000003
6715,-366.875,274.83333333333337
6716,-366.9125,274.51666666666665
6717,-366.95000000000005,274.18333333333334
6718,-366.9875,273.85
6719,-367.01250000000005,273.5
6720,-367.05,273.1666666666667
6721,-367.08750000000003,272.83333333333337
6722,-367.1125,272.5
6723,-367.15000000000003,272.1666666666667
6724,-367.1875,271.83333333333337
6725,-367.21250000000003,271.5
6726,-367.25,271.15000000000003
6727,-367.27500000000003,270.81666666666666
6728,-367.3125,270.45
6729,-367.33750000000003,270.1
6730,-367.375,269.73333333333335
6731,-367.40000000000003,269.35
6732,-367.4375,268.98333333333335
6733,-367.46250000000003,268.6
6734,-367.5,268.21666666666664
6735,-367.52500000000003,267.85
6736,-367.5625,267.46666666666664
6737,-367.58750000000003,267.08333333333337
6738,-367.6125,266.7
6739,-367.63750000000005,266.33333333333337
6740,-367.6625,265.95
6741,-367.70000000000005,265.56666666666666
6742,-367.725,265.1666666666667
6743,-367.75,264.75
6744,-367.77500000000003,264.33333333333337
6745,-367.8,263.9
6746,-367.82500000000005,263.45000000000005
6747,-367.85,263.0
6748,-367.875,262.53333333333336
6749,-367.90000000000003,262.05
6750,-367.925,261.56666666666666
6751,-367.95000000000005,261.06666666666666
6752,-367.9875,260.56666666666666
6753,-368.01250000000005,260.05
6754,-368.0375,259.51666666666665
6755,-368.0625,258.98333333333335
6756,-368.07500000000005,258.4333333333334
6757,-368.1,257.8666666666667
6758,-368.125,257.3
6759,-368.15000000000003,256.7166666666667
6760,-368.175,256.1166666666667
6761,-368.20000000000005,255.5
6762,-368.225,254.9
6763,-368.2375,254.3
6764,-368.26250000000005,253.68333333333337
6765,-368.2875,253.06666666666666
6766,-368.3,252.43333333333337
6767,-368.32500000000005,251.8
6768,-368.33750000000003,251.15
6769,-368.3625,250.48333333333335
6770,-368.38750000000005,249.81666666666666
6771,-368.40000000000003,249.15
6772,-368.425,248.45000000000002
6773,-368.4375,247.76666666666665
6774,-368.45000000000005,247.05
6775,-368.475,246.33333333333337
6776,-368.4875,245.60000000000002
6777,-368.5,244.85000000000002
6778,-368.52500000000003,244.11666666666667
6779,-368.5375,243.36666666666667
6780,-368.55,242.58333333333337
6781,-368.5625,241.81666666666666
6782,-368.57500000000005,241.01666666666665
6783,-368.58750000000003,240.21666666666667
6784,-368.6,239.4
6785,-368.6125,238.56666666666666
6786,-368.625,237.71666666666667
6787,-368.63750000000005,236.86666666666667
6788,-368.63750000000005,236.0
6789,-368.65000000000003,235.13333333333335
6790,-368.65000000000003,234.23333333333335
6791,-368.6625,233.33333333333337
6792,-368.6625,232.41666666666666
6793,-368.6625,231.48333333333335
6794,-368.6625,230.55
6795,-368.6625,229.58333333333337
6796,-368.65000000000003,228.61666666666667
6797,-368.65000000000003,227.63333333333335
6798,-368.63750000000005,226.63333333333335
6799,-368.625,225.63333333333335
6800,-368.6125,224.60000000000002
6801,-368.6,223.56666666666666
6802,-368.57500000000005,222.51666666666665
6803,-368.55,221.45000000000002
6804,-368.52500000000003,220.36666666666667
6805,-368.5,219.26666666666665
6806,-368.46250000000003,218.16666666666666
6807,-368.425,217.03333333333336
6808,-368.38750000000005,215.9
6809,-368.35,214.75
6810,-368.3,213.58333333333337
6811,-368.25,212.41666666666669
6812,-368.20000000000005,211.2166666666667
6813,-368.15000000000003,210.01666666666668
6814,-368.08750000000003,208.8
6815,-368.02500000000003,207.55
6816,-367.96250000000003,206.3
6817,-367.90000000000003,205.05
6818,-367.83750000000003,203.76666666666668
6819,-367.77500000000003,202.4666666666667
6820,-367.71250000000003,201.15
6821,-367.65000000000003,199.83333333333334
6822,-367.58750000000003,198.48333333333335
6823,-367.51250000000005,197.13333333333333
6824,-367.45000000000005,195.76666666666668
6825,-367.38750000000005,194.38333333333333
6826,-367.32500000000005,192.98333333333335
6827,-367.26250000000005,191.5666666666667
6828,-367.21250000000003,190.13333333333333
6829,-367.15000000000003,188.68333333333334
6830,-367.1,187.2166666666667
6831,-367.05,185.75
6832,-367.0,184.25
6833,-366.96250000000003,182.75
6834,-366.925,181.2166666666667
6835,-366.88750000000005,179.68333333333334
6836,-366.85,178.13333333333333
6837,-366.82500000000005,176.5666666666667
6838,-366.7875,174.98333333333335
6839,-366.77500000000003,173.41666666666669
6840,-366.75,171.83333333333334
6841,-366.7375,170.25
6842,-366.71250000000003,168.65
6843,-366.70000000000005,167.03333333333333
6844,-366.6875,165.4
6845,-366.675,163.76666666666668
6846,-366.6625,162.11666666666667
6847,-366.65000000000003,160.46666666666667
6848,-366.63750000000005,158.8
6849,-366.625,157.11666666666667
6850,-366.6125,155.41666666666669
6851,-366.6,153.71666666666667
6852,-366.58750000000003,152.0
6853,-366.57500000000005,150.26666666666668
6854,-366.5625,148.53333333333333
6855,-366.55,146.78333333333333
6856,-366.5375,145.01666666666668
6857,-366.52500000000003,143.25
6858,-366.51250000000005,141.46666666666667
6859,-366.5,139.68333333333334
6860,-366.4875,137.86666666666667
6861,-366.475,136.05
6862,-366.46250000000003,134.2166666666667
6863,-366.45000000000005,132.38333333333333
6864,-366.4375,130.53333333333333
6865,-366.425,128.68333333333334
6866,-366.40000000000003,126.80000000000001
6867,-366.38750000000005,124.91666666666669
6868,-366.375,123.03333333333333
6869,-366.3625,121.11666666666667
6870,-366.33750000000003,119.2
6871,-366.32500000000005,117.28333333333333
6872,-366.3,115.35000000000001
6873,-366.2875,113.4
6874,-366.26250000000005,111.43333333333334
6875,-366.2375,109.46666666666667
6876,-366.225,107.48333333333335
6877,-366.20000000000005,105.5
6878,-366.175,103.5
6879,-366.1625,101.48333333333335
6880,-366.13750000000005,99.46666666666667
6881,-366.1125,97.43333333333334
6882,-366.08750000000003,95.38333333333334
6883,-366.0625,93.33333333333334
6884,-366.0375,91.26666666666667
6885,-366.01250000000005,89.2
6886,-365.9875,87.13333333333334
6887,-365.96250000000003,85.06666666666666
6888,-365.95000000000005,82.98333333333333
6889,-365.925,80.9
6890,-365.9125,78.81666666666666
6891,-365.90000000000003,76.71666666666667
6892,-365.88750000000005,74.61666666666666
6893,-365.88750000000005,72.5
6894,-365.88750000000005,70.38333333333334
6895,-365.90000000000003,68.25
6896,-365.925,66.11666666666667
6897,-365.95000000000005,63.98333333333334
6898,-365.975,61.83333333333334
6899,-366.02500000000003,59.666666666666664
6900,-366.0625,57.5
6901,-366.125,55.333333333333336
6902,-366.20000000000005,53.150000000000006
6903,-366.27500000000003,50.96666666666667
6904,-366.3625,48.76666666666667
6905,-366.475,46.56666666666667
6906,-366.6,44.36666666666667
6907,-366.7375,42.18333333333333
6908,-366.88750000000005,39.983333333333334
6909,-367.0625,37.78333333333333
6910,-367.2375,35.6
6911,-367.4375,33.41666666666667
6912,-367.65000000000003,31.25
6913,-367.875,29.083333333333336
6914,-368.125,26.95
6915,-368.375,24.816666666666666
6916,-368.65000000000003,22.700000000000003
6917,-368.925,20.6
6918,-369.2375,18.53333333333333
6919,-369.55,16.46666666666667
6920,-369.875,14.433333333333334
6921,-370.21250000000003,12.4
6922,-370.55,10.416666666666668
6923,-370.90000000000003,8.45
6924,-371.25,6.5
6925,-371.6,4.583333333333334
6926,-371.95000000000005,2.6833333333333336
6927,-372.3,0.8333333333333321
6928,-372.6625,-1.0
6929,-373.02500000000003,-2.816666666666668
6930,-373.38750000000005,-4.600000000000001
6931,-373.7375,-6.333333333333336
6932,-374.1,-8.05
6933,-374.46250000000003,-9.733333333333334
6934,-374.82500000000005,-11.383333333333336
6935,-375.1875,-13.0
6936,-375.55,-14.583333333333336
6937,-375.9125,-16.150000000000002
6938,-376.27500000000003,-17.683333333333334
6939,-376.625,-19.183333333333334
6940,-376.9875,-20.66666666666667
6941,-377.33750000000003,-22.1
6942,-377.675,-23.51666666666667
6943,-378.02500000000003,-24.9
6944,-378.3625,-26.266666666666673
6945,-378.6875,-27.583333333333336
6946,-379.0,-28.883333333333333
6947,-379.3125,-30.16666666666667
6948,-379.6,-31.41666666666667
6949,-379.875,-32.63333333333333
6950,-380.13750000000005,-33.85
6951,-380.375,-35.01666666666667
6952,-380.58750000000003,-36.18333333333334
6953,-380.7875,-37.31666666666667
6954,-380.975,-38.41666666666667
6955,-381.13750000000005,-39.5
6956,-381.27500000000003,-40.550000000000004
6957,-381.40000000000003,-41.583333333333336
6958,-381.51250000000005,-42.583333333333336
6959,-381.58750000000003,-43.550000000000004
6960,-381.6625,-44.48333333333334
6961,-381.70000000000005,-45.400000000000006
6962,-381.725,-46.300000000000004
6963,-381.7375,-47.150000000000006
6964,-381.725,-47.98333333333334
6965,-381.6875,-48.800000000000004
6966,-381.625,-49.58333333333334
6967,-381.5375,-50.35
6968,-381.4375,-51.08333333333334
6969,-381.3125,-51.800000000000004
6970,-381.175,-52.5
6971,-381.02500000000003,-53.2
6972,-380.85,-53.88333333333334
6973,-380.6625,-54.56666666666666
6974,-380.46250000000003,-55.23333333333334
6975,-380.2375,-55.900000000000006
6976,-380.0,-56.56666666666666
6977,-379.75,-57.21666666666667
6978,-379.4875,-57.86666666666666
6979,-379.20000000000005,-58.5
6980,-378.90000000000003,-59.13333333333334
6981,-378.57500000000005,-59.766666666666666
6982,-378.25,-60.400000000000006
6983,-377.88750000000005,-61.016666666666666
6984,-377.52500000000003,-61.650000000000006
6985,-377.125,-62.266666666666666
6986,-376.725,-62.88333333333334
6987,-376.2875,-63.5
6988,-375.85,-64.10000000000001
6989,-375.38750000000005,-64.7
6990,-374.9125,-65.28333333333335
6991,-374.4125,-65.85000000000001
6992,-373.9125,-66.4
6993,-373.375,-66.95
6994,-372.83750000000003,-67.46666666666667
6995,-372.2875,-67.98333333333333
6996,-371.71250000000003,-68.48333333333333
6997,-371.125,-68.96666666666667
6998,-370.52500000000003,-69.41666666666667
6999,-369.925,-69.86666666666667
7000,-369.3,-70.30000000000001
7001,-368.6625,-70.71666666666667
7002,-368.01250000000005,-71.11666666666667
7003,-367.35,-71.5
7004,-366.675,-71.86666666666667
7005,-365.9875,-72.23333333333335
7006,-365.3,-72.56666666666666
7007,-364.58750000000003,-72.9
7008,-363.875,-73.21666666666667
7009,-363.13750000000005,-73.53333333333335
7010,-362.38750000000005,-73.83333333333334
7011,-361.625,-74.13333333333334
7012,-360.85,-74.43333333333334
7013,-360.05,-74.71666666666667
7014,-359.2375,-75.0
7015,-358.4125,-75.28333333333335
7016,-357.57500000000005,-75.56666666666666
7017,-356.71250000000003,-75.83333333333334
7018,-355.83750000000003,-76.10000000000001
7019,-354.95000000000005,-76.36666666666667
7020,-354.0375,-76.63333333333334
7021,-353.1125,-76.9
7022,-352.175,-77.16666666666667
7023,-351.21250000000003,-77.45
7024,-350.2375,-77.73333333333335
7025,-349.25,-78.03333333333335
7026,-348.25,-78.35000000000001
7027,-347.225,-78.68333333333334
7028,-346.1875,-79.05000000000001
7029,-345.15000000000003,-79.45
7030,-344.08750000000003,-79.86666666666667
7031,-343.01250000000005,-80.31666666666666
7032,-341.925,-80.80000000000001
7033,-340.83750000000003,-81.31666666666666
7034,-339.75,-81.88333333333334
7035,-338.6625,-82.48333333333335
7036,-337.57500000000005,-83.11666666666667
7037,-336.4875,-83.78333333333335
7038,-335.425,-84.48333333333335
7039,-334.375,-85.23333333333335
7040,-333.35,-86.01666666666667
7041,-332.33750000000003,-86.83333333333334
7042,-331.3625,-87.68333333333334
7043,-330.425,-88.56666666666666
7044,-329.51250000000005,-89.46666666666667
7045,-328.63750000000005,-90.4
7046,-327.8,-91.36666666666667
7047,-327.0,-92.35000000000001
7048,-326.21250000000003,-93.35000000000001
7049,-325.475,-94.38333333333334
7050,-324.76250000000005,-95.41666666666669
7051,-324.0625,-96.46666666666668
7052,-323.38750000000005,-97.51666666666668
7053,-322.7375,-98.58333333333333
7054,-322.125,-99.65
7055,-321.52500000000003,-100.71666666666668
7056,-320.95000000000005,-101.78333333333333
7057,-320.375,-102.85000000000001
7058,-319.8125,-103.91666666666669
7059,-319.2875,-104.98333333333333
7060,-318.8125,-106.05000000000001
7061,-318.3625,-107.11666666666667
7062,-317.9375,-108.2
7063,-317.52500000000003,-109.26666666666668
7064,-317.1,-110.33333333333333
7065,-316.70000000000005,-111.4
7066,-316.3,-112.45
7067,-315.925,-113.5
7068,-315.57500000000005,-114.56666666666668
7069,-315.26250000000005,-115.61666666666667
7070,-314.95000000000005,-116.68333333333334
7071,-314.65000000000003,-117.73333333333333
7072,-314.375,-118.78333333333333
7073,-314.13750000000005,-119.83333333333333
7074,-313.9125,-120.88333333333333
7075,-313.725,-121.93333333333334
7076,-313.55,-122.96666666666667
7077,-313.4125,-124.0
7078,-313.3,-125.05000000000001
7079,-313.20000000000005,-126.06666666666669
7080,-313.125,-127.1
7081,-313.07500000000005,-128.11666666666667
7082,-313.0375,-129.13333333333333
7083,-313.02500000000003,-130.15
7084,-313.02500000000003,-131.15
7085,-313.0625,-132.15
7086,-313.1125,-133.13333333333333
7087,-313.1875,-134.11666666666667
7088,-313.27500000000003,-135.1
7089,-313.38750000000005,-136.0666666666667
7090,-313.52500000000003,-137.03333333333333
7091,-313.675,-138.0
7092,-313.83750000000003,-138.95000000000002
7093,-314.02500000000003,-139.88333333333333
7094,-314.225,-140.83333333333334
7095,-314.45000000000005,-141.76666666666668
7096,-314.70000000000005,-142.68333333333334
7097,-314.975,-143.6
7098,-315.26250000000005,-144.51666666666668
7099,-315.57500000000005,-145.43333333333334
7100,-315.9125,-146.33333333333334
7101,-316.25,-147.2166666666667
7102,-316.6,-148.10000000000002
7103,-316.96250000000003,-148.9666666666667
7104,-317.35,-149.83333333333334
7105,-317.7375,-150.68333333333334
7106,-318.13750000000005,-151.51666666666668
7107,-318.57500000000005,-152.35000000000002
7108,-319.02500000000003,-153.15
7109,-319.475,-153.9666666666667
7110,-319.95000000000005,-154.75
7111,-320.4375,-155.55
7112,-320.925,-156.33333333333334
7113,-321.4375,-157.10000000000002
7114,-321.9875,-157.83333333333334
7115,-322.55,-158.55
7116,-323.13750000000005,-159.25
7117,-323.7375,-159.91666666666669
7118,-324.35,-160.58333333333334
7119,-324.975,-161.2166666666667
7120,-325.625,-161.83333333333334
7121,-326.2875,-162.43333333333334
7122,-326.96250000000003,-163.0
7123,-327.6625,-163.55
7124,-328.3625,-164.0666666666667
7125,-329.07500000000005,-164.5666666666667
7126,-329.7875,-165.03333333333333
7127,-330.51250000000005,-165.4666666666667
7128,-331.25,-165.9
7129,-331.975,-166.3
7130,-332.71250000000003,-166.66666666666669
7131,-333.4375,-167.01666666666668
7132,-334.175,-167.35000000000002
7133,-334.90000000000003,-167.66666666666669
7134,-335.6125,-167.95000000000002
7135,-336.33750000000003,-168.2166666666667
7136,-336.9125,-168.4666666666667
7137,-336.9125,-168.78333333333333
7138,-336.83750000000003,-169.08333333333334
7139,-336.77500000000003,-169.38333333333333
7140,-336.71250000000003,-169.66666666666669
7141,-336.6625,-169.93333333333334
7142,-336.6125,-170.18333333333334
7143,-336.5625,-170.4
7144,-336.5,-170.61666666666667
7145,-336.425,-170.8
7146,-336.35,-170.98333333333335
7147,-336.26250000000005,-171.16666666666669
7148,-336.1875,-171.35000000000002
7149,-336.1,-171.53333333333333
7150,-336.02500000000003,-171.7166666666667
7151,-335.9375,-171.9
7152,-335.83750000000003,-172.08333333333334
7153,-335.7375,-172.26666666666668
7154,-335.65000000000003,-172.45000000000002
7155,-335.5625,-172.61666666666667
7156,-335.475,-172.8
7157,-335.38750000000005,-172.98333333333335
7158,-335.3125,-173.16666666666669
7159,-335.2375,-173.35000000000002
7160,-335.1625,-173.51666666666668
7161,-335.08750000000003,-173.68333333333334
7162,-335.02500000000003,-173.85000000000002
7163,-334.96250000000003,-174.0
7164,-334.90000000000003,-174.15
7165,-334.85,-174.28333333333333
7166,-334.8125,-174.41666666666669
7167,-334.77500000000003,-174.53333333333333
7168,-334.7375,-174.63333333333333
7169,-334.70000000000005,-174.73333333333335
7170,-334.675,-174.8166666666667
7171,-334.65000000000003,-174.9
7172,-334.625,-174.9666666666667
7173,-334.6125,-175.03333333333333
7174,-334.58750000000003,-175.08333333333334
7175,-334.57500000000005,-175.13333333333333
7176,-334.57500000000005,-175.16666666666669
7177,-334.5625,-175.20000000000002
7178,-334.5625,-175.2166666666667
7179,-334.5625,-175.2166666666667
7180,-334.5625,-175.2166666666667
7181,-334.5625,-175.2166666666667
7182,-334.5625,-175.20000000000002
7183,-334.57500000000005,-175.16666666666669
7184,-334.58750000000003,-175.13333333333333
7185,-334.6,-175.10000000000002
7186,-334.6125,-175.05
7187,-334.625,-174.98333333333335
7188,-334.65000000000003,-174.91666666666669
7189,-334.675,-174.85000000000002
7190,-334.70000000000005,-174.76666666666668
7191,-334.725,-174.68333333333334
7192,-334.75,-174.60000000000002
7193,-334.77500000000003,-174.5
7194,-334.8125,-174.4
7195,-334.83750000000003,-174.28333333333333
7196,-334.875,-174.16666666666669
7197,-334.90000000000003,-174.03333333333333
7198,-334.925,-173.91666666666669
7199,-334.96250000000003,-173.76666666666668
7200,-334.9875,-173.63333333333333
7201,-335.01250000000005,-173.48333333333335
7202,-335.0375,-173.33333333333334
7203,-335.0625,-173.16666666666669
7204,-335.07500000000005,-173.0
7205,-335.1,-172.83333333333334
7206,-335.1125,-172.66666666666669
7207,-335.125,-172.48333333333335
7208,-335.13750000000005,-172.3
7209,-335.13750000000005,-172.11666666666667
7210,-335.13750000000005,-171.91666666666669
7211,-335.13750000000005,-171.73333333333335
7212,-335.125,-171.53333333333333
7213,-335.1,-171.33333333333334
7214,-335.07500000000005,-171.11666666666667
7215,-335.05,-170.91666666666669
7216,-335.0,-170.7166666666667
7217,-334.96250000000003,-170.5
7218,-334.90000000000003,-170.3
7219,-334.82500000000005,-170.10000000000002
7220,-334.75,-169.9
7221,-334.6625,-169.70000000000002
7222,-334.57500000000005,-169.51666666666668
7223,-334.46250000000003,-169.33333333333334
7224,-334.35,-169.15
7225,-334.225,-168.98333333333335
7226,-334.08750000000003,-168.8166666666667
7227,-333.95000000000005,-168.66666666666669
7228,-333.8125,-168.53333333333333
7229,-333.6625,-168.4
7230,-333.5,-168.28333333333333
7231,-333.35,-168.16666666666669
7232,-333.1875,-168.08333333333334
7233,-333.02500000000003,-168.0
7234,-332.8625,-167.93333333333334
7235,-332.71250000000003,-167.86666666666667
7236,-332.55,-167.83333333333334
7237,-332.4125,-167.8
7238,-332.27500000000003,-167.76666666666668
7239,-332.15000000000003,-167.75
7240,-332.02500000000003,-167.73333333333335
7241,-331.9125,-167.7166666666667
7242,-331.8125,-167.7166666666667
7243,-331.71250000000003,-167.70000000000002
7244,-331.625,-167.68333333333334
7245,-331.55,-167.66666666666669
7246,-331.475,-167.66666666666669
7247,-331.4125,-167.65
7248,-331.3625,-167.63333333333333
7249,-331.32500000000005,-167.60000000000002
7250,-331.2875,-167.58333333333334
7251,-331.26250000000005,-167.55
7252,-331.25,-167.51666666666668
7253,-331.2375,-167.48333333333335
7254,-331.225,-167.4666666666667
7255,-331.21250000000003,-167.43333333333334
7256,-331.1875,-167.41666666666669
7257,-331.175,-167.4
7258,-331.175,-167.38333333333333
7259,-331.1625,-167.36666666666667
7260,-331.15000000000003,-167.35000000000002
7261,-331.13750000000005,-167.33333333333334
7262,-331.13750000000005,-167.3166666666667
7263,-331.125,-167.3166666666667
7264,-331.125,-167.3166666666667
7265,-331.125,-167.3166666666667
7266,-331.13750000000005,-167.3166666666667
7267,-331.13750000000005,-167.33333333333334
7268,-331.15000000000003,-167.35000000000002
7269,-331.1625,-167.38333333333333
7270,-331.1875,-167.41666666666669
7271,-331.21250000000003,-167.4666666666667
7272,-331.25,-167.51666666666668
7273,-331.2875,-167.60000000000002
7274,-331.33750000000003,-167.68333333333334
7275,-331.38750000000005,-167.78333333333333
7276,-331.45000000000005,-167.9
7277,-331.51250000000005,-168.01666666666668
7278,-331.58750000000003,-168.15
7279,-331.675,-168.3
7280,-331.75,-168.45000000000002
7281,-331.83750000000003,-168.61666666666667
7282,-331.925,-168.8
7283,-332.02500000000003,-168.98333333333335
7284,-332.125,-169.18333333333334
7285,-332.225,-169.4
7286,-332.32500000000005,-169.61666666666667
7287,-332.4375,-169.85000000000002
7288,-332.55,-170.08333333333334
7289,-332.675,-170.33333333333334
7290,-332.7875,-170.58333333333334
7291,-332.88750000000005,-170.85000000000002
7292,-333.0,-171.10000000000002
7293,-333.1,-171.36666666666667
7294,-333.20000000000005,-171.63333333333333
7295,-333.3125,-171.9
7296,-333.4125,-172.18333333333334
7297,-333.5,-172.4666666666667
7298,-333.6,-172.75
7299,-333.70000000000005,-173.0666666666667
7300,-333.8,-173.36666666666667
7301,-333.88750000000005,-173.68333333333334
7302,-333.9875,-174.01666666666668
7303,-334.07500000000005,-174.35000000000002
7304,-334.1625,-174.70000000000002
7305,-334.26250000000005,-175.0666666666667
7306,-334.35,-175.43333333333334
7307,-334.425,-175.8
7308,-334.51250000000005,-176.18333333333334
7309,-334.57500000000005,-176.5666666666667
7310,-334.65000000000003,-176.9666666666667
7311,-334.71250000000003,-177.36666666666667
7312,-334.76250000000005,-177.78333333333333
7313,-334.8,-178.20000000000002
7314,-334.83750000000003,-178.61666666666667
7315,-334.85,-179.05
7316,-334.8625,-179.48333333333335
7317,-334.8625,-179.91666666666669
7318,-334.83750000000003,-180.35000000000002
7319,-334.8,-180.78333333333333
7320,-334.75,-181.2166666666667
7321,-334.675,-181.65
7322,-334.58750000000003,-182.08333333333334
7323,-334.4875,-182.5
7324,-334.375,-182.91666666666669
7325,-334.25,-183.33333333333334
7326,-334.08750000000003,-183.73333333333335
7327,-333.925,-184.13333333333333
7328,-333.75,-184.51666666666668
7329,-333.5625,-184.91666666666669
7330,-333.35,-185.28333333333333
7331,-333.1125,-185.63333333333333
7332,-332.875,-185.98333333333335
7333,-332.6125,-186.3166666666667
7334,-332.35,-186.63333333333333
7335,-332.07500000000005,-186.95000000000002
7336,-331.7875,-187.25
7337,-331.5,-187.53333333333333
7338,-331.1875,-187.8
7339,-330.875,-188.03333333333333
7340,-330.5625,-188.26666666666668
7341,-330.25,-188.48333333333335
7342,-329.925,-188.68333333333334
7343,-329.6125,-188.85000000000002
7344,-329.3125,-189.01666666666668
7345,-329.01250000000005,-189.18333333333334
7346,-328.725,-189.3166666666667
7347,-328.45000000000005,-189.4666666666667
7348,-328.1875,-189.58333333333334
7349,-327.9375,-189.7166666666667
7350,-327.6875,-189.83333333333334
7351,-327.425,-189.95000000000002
7352,-327.1625,-190.03333333333333
7353,-326.9125,-190.11666666666667
7354,-326.65000000000003,-190.20000000000002
7355,-326.40000000000003,-190.26666666666668
7356,-326.15000000000003,-190.33333333333334
7357,-325.9125,-190.38333333333333
7358,-325.6875,-190.41666666666669
7359,-325.46250000000003,-190.4666666666667
7360,-325.26250000000005,-190.5
7361,-325.0625,-190.53333333333333
7362,-324.875,-190.58333333333334
7363,-324.70000000000005,-190.61666666666667
7364,-324.5375,-190.65
7365,-324.375,-190.68333333333334
7366,-324.2375,-190.73333333333335
7367,-324.1125,-190.76666666666668
7368,-324.0,-190.78333333333333
7369,-323.90000000000003,-190.8
7370,-323.8125,-190.8
7371,-323.7375,-190.8
7372,-323.675,-190.78333333333333
7373,-323.63750000000005,-190.76666666666668
7374,-323.6125,-190.75
7375,-323.6125,-190.73333333333335
7376,-323.6,-190.70000000000002
7377,-323.6,-190.66666666666669
7378,-323.57500000000005,-190.65
7379,-323.5625,-190.61666666666667
7380,-323.55,-190.60000000000002
7381,-323.55,-190.58333333333334
7382,-323.5375,-190.5666666666667
7383,-323.5375,-190.5666666666667
7384,-323.5375,-190.5666666666667
7385,-323.5375,-190.5666666666667
7386,-323.5375,-190.5666666666667
7387,-323.5375,-190.5666666666667
7388,-323.5375,-190.5666666666667
7389,-323.5375,-190.5666666666667
7390,-323.5375,-190.5666666666667
7391,-323.5375,-190.5666666666667
7392,-323.5375,-190.5666666666667
7393,-323.5375,-190.5666666666667
7394,-323.5375,-190.5666666666667
7395,-323.5375,-190.5666666666667
7396,-323.5375,-190.5666666666667
7397,-323.5375,-190.5666666666667
7398,-323.5375,-190.5666666666667
7399,-323.5375,-190.5666666666667
7400,-323.5375,-190.5666666666667
7401,-323.5375,-190.5666666666667
7402,-323.5375,-190.5666666666667
7403,-323.5375,-190.5666666666667
7404,-323.5375,-190.5666666666667
7405,-323.5375,-190.5666666666667
7406,-323.5375,-190.5666666666667
7407,-323.5375,-190.5666666666667
7408,-323.5375,-190.58333333333334
7409,-323.55,-190.58333333333334
7410,-323.55,-190.60000000000002
7411,-323.55,-190.60000000000002
7412,-323.5625,-190.61666666666667
7413,-323.5625,-190.63333333333333
7414,-323.57500000000005,-190.65
7415,-323.57500000000005,-190.65
7416,-323.58750000000003,-190.66666666666669
7417,-323.58750000000003,-190.68333333333334
7418,-323.6,-190.70000000000002
7419,-323.6125,-190.73333333333335
7420,-323.625,-190.75
7421,-323.625,-190.76666666666668
7422,-323.63750000000005,-190.8
7423,-323.65000000000003,-190.8166666666667
7424,-323.6625,-190.85000000000002
7425,-323.675,-190.88333333333333
7426,-323.6875,-190.91666666666669
7427,-323.70000000000005,-190.95000000000002
7428,-323.725,-190.98333333333335
7429,-323.7375,-191.01666666666668
7430,-323.75,-191.05
7431,-323.76250000000005,-191.10000000000002
7432,-323.7875,-191.13333333333333
7433,-323.8,-191.18333333333334
7434,-323.82500000000005,-191.23333333333335
7435,-323.83750000000003,-191.28333333333333
7436,-323.8625,-191.33333333333334
7437,-323.875,-191.38333333333333
7438,-323.90000000000003,-191.43333333333334
7439,-323.925,-191.5
7440,-323.95000000000005,-191.55
7441,-323.975,-191.61666666666667
7442,-324.0,-191.66666666666669
7443,-324.02500000000003,-191.73333333333335
7444,-324.05,-191.8
7445,-324.07500000000005,-191.86666666666667
7446,-324.1125,-191.93333333333334
7447,-324.13750000000005,-192.01666666666668
7448,-324.175,-192.08333333333334
7449,-324.20000000000005,-192.15
7450,-324.2375,-192.23333333333335
7451,-324.27500000000003,-192.3166666666667
7452,-324.3125,-192.38333333333333
7453,-324.3625,-192.4666666666667
7454,-324.40000000000003,-192.55
7455,-324.45000000000005,-192.63333333333333
7456,-324.4875,-192.7166666666667
7457,-324.5375,-192.8
7458,-324.58750000000003,-192.88333333333333
7459,-324.63750000000005,-192.9666666666667
7460,-324.6875,-193.05
7461,-324.7375,-193.13333333333333
7462,-324.7875,-193.23333333333335
7463,-324.85,-193.3166666666667
7464,-324.90000000000003,-193.4
7465,-324.96250000000003,-193.5
7466,-325.02500000000003,-193.58333333333334
7467,-325.08750000000003,-193.68333333333334
7468,-325.15000000000003,-193.76666666666668
7469,-325.21250000000003,-193.85000000000002
7470,-325.2875,-193.95000000000002
7471,-325.3625,-194.03333333333333
7472,-325.4375,-194.13333333333333
7473,-325.51250000000005,-194.2166666666667
7474,-325.58750000000003,-194.3
7475,-325.6625,-194.4
7476,-325.7375,-194.48333333333335
7477,-325.82500000000005,-194.5666666666667
7478,-325.9125,-194.65
7479,-326.0,-194.73333333333335
7480,-326.08750000000003,-194.8166666666667
7481,-326.175,-194.88333333333333
7482,-326.26250000000005,-194.9666666666667
7483,-326.35,-195.03333333333333
7484,-326.45000000000005,-195.11666666666667
7485,-326.5375,-195.18333333333334
7486,-326.625,-195.25
7487,-326.725,-195.33333333333334
7488,-326.82500000000005,-195.4
7489,-326.9125,-195.4666666666667
7490,-327.01250000000005,-195.51666666666668
7491,-327.1125,-195.58333333333334
7492,-327.20000000000005,-195.65
7493,-327.3125,-195.7166666666667
7494,-327.40000000000003,-195.76666666666668
7495,-327.5,-195.83333333333334
7496,-327.58750000000003,-195.88333333333333
7497,-327.6875,-195.95000000000002
7498,-327.7875,-196.0
7499,-327.88750000000005,-196.0666666666667
7500,-327.975,-196.11666666666667
7501,-328.07500000000005,-196.18333333333334
7502,-328.1625,-196.23333333333335
7503,-328.26250000000005,-196.3
7504,-328.3625,-196.36666666666667
7505,-328.45000000000005,-196.41666666666669
7506,-328.55,-196.48333333333335
7507,-328.63750000000005,-196.53333333333333
7508,-328.7375,-196.60000000000002
7509,-328.82500000000005,-196.66666666666669
7510,-328.9125,-196.73333333333335
7511,-329.01250000000005,-196.78333333333333
7512,-329.1,-196.85000000000002
7513,-329.1875,-196.91666666666666
7514,-329.2875,-196.98333333333335
7515,-329.375,-197.05
7516,-329.46250000000003,-197.10000000000002
7517,-329.55,-197.16666666666666
7518,-329.65000000000003,-197.23333333333335
7519,-329.7375,-197.3
7520,-329.82500000000005,-197.36666666666667
7521,-329.9125,-197.43333333333337
7522,-330.0,-197.51666666666665
7523,-330.08750000000003,-197.58333333333337
7524,-330.175,-197.65
7525,-330.26250000000005,-197.73333333333335
7526,-330.35,-197.8
7527,-330.4375,-197.86666666666667
7528,-330.52500000000003,-197.93333333333337
7529,-330.6125,-198.0
7530,-330.70000000000005,-198.06666666666666
7531,-330.8,-198.15
7532,-330.90000000000003,-198.21666666666667
7533,-330.975,-198.28333333333336
7534,-331.0625,-198.35000000000002
7535,-331.1625,-198.41666666666666
7536,-331.25,-198.48333333333335
7537,-331.33750000000003,-198.55
7538,-331.4375,-198.63333333333335
7539,-331.52500000000003,-198.70000000000002
7540,-331.6125,-198.76666666666665
7541,-331.70000000000005,-198.83333333333337
7542,-331.7875,-198.91666666666666
7543,-331.88750000000005,-198.98333333333335
7544,-331.9875,-199.06666666666666
7545,-332.08750000000003,-199.16666666666666
7546,-332.1875,-199.25
7547,-332.2875,-199.33333333333337
7548,-332.375,-199.43333333333337
7549,-332.475,-199.51666666666665
7550,-332.57500000000005,-199.61666666666667
7551,-332.6625,-199.71666666666667
7552,-332.76250000000005,-199.83333333333337
7553,-332.8625,-199.93333333333337
7554,-332.96250000000003,-200.05
7555,-333.0625,-200.16666666666666
7556,-333.175,-200.28333333333336
7557,-333.2875,-200.41666666666666
7558,-333.4125,-200.56666666666666
7559,-333.5375,-200.71666666666667
7560,-333.6625,-200.88333333333335
7561,-333.8,-201.06666666666666
7562,-333.9375,-201.25
7563,-334.08750000000003,-201.45000000000002
7564,-334.2375,-201.65
7565,-334.38750000000005,-201.86666666666667
7566,-334.5375,-202.08333333333337
7567,-334.675,-202.31666666666666
7568,-334.82500000000005,-202.56666666666666
7569,-334.96250000000003,-202.83333333333337
7570,-335.08750000000003,-203.08333333333337
7571,-335.20000000000005,-203.36666666666667
7572,-335.3,-203.65
7573,-335.38750000000005,-203.93333333333337
7574,-335.46250000000003,-204.21666666666667
7575,-335.5375,-204.5
7576,-335.58750000000003,-204.78333333333336
7577,-335.625,-205.08333333333337
7578,-335.6625,-205.36666666666667
7579,-335.675,-205.65
7580,-335.6875,-205.95000000000002
7581,-335.71250000000003,-206.23333333333335
7582,-335.725,-206.51666666666665
7583,-335.7375,-206.81666666666666
7584,-335.75,-207.10000000000002
7585,-335.76250000000005,-207.4
7586,-335.77500000000003,-207.68333333333337
7587,-335.77500000000003,-207.96666666666667
7588,-335.7875,-208.26666666666665
7589,-335.7875,-208.55
7590,-335.7875,-208.83333333333337
7591,-335.7875,-209.13333333333335
7592,-335.7875,-209.41666666666666
7593,-335.7875,-209.71666666666667
7594,-335.77500000000003,-210.0
7595,-335.76250000000005,-210.28333333333336
7596,-335.75,-210.58333333333337
7597,-335.7375,-210.86666666666667
7598,-335.725,-211.15
7599,-335.70000000000005,-211.43333333333337
7600,-335.6875,-211.73333333333335
7601,-335.6625,-212.01666666666665
7602,-335.63750000000005,-212.3
7603,-335.6125,-212.60000000000002
7604,-335.57500000000005,-212.88333333333335
7605,-335.55,-213.16666666666666
7606,-335.51250000000005,-213.45000000000002
7607,-335.475,-213.73333333333335
7608,-335.45000000000005,-214.01666666666665
7609,-335.40000000000003,-214.31666666666666
7610,-335.3625,-214.60000000000002
7611,-335.32500000000005,-214.88333333333335
7612,-335.27500000000003,-215.16666666666666
7613,-335.225,-215.45000000000002
7614,-335.175,-215.73333333333335
7615,-335.125,-216.01666666666665
7616,-335.07500000000005,-216.3
7617,-335.02500000000003,-216.58333333333337
7618,-334.96250000000003,-216.85000000000002
7619,-334.9125,-217.13333333333335
7620,-334.85,-217.41666666666666
7621,-334.7875,-217.70000000000002
7622,-334.725,-217.98333333333335
7623,-334.6625,-218.26666666666665
7624,-334.6,-218.55
7625,-334.52500000000003,-218.81666666666666
7626,-334.45000000000005,-219.10000000000002
7627,-334.375,-219.38333333333335
7628,-334.3125,-219.66666666666666
7629,-334.225,-219.95000000000002
7630,-334.15000000000003,-220.23333333333335
7631,-334.0625,-220.51666666666665
7632,-333.975,-220.8
7633,-333.90000000000003,-221.08333333333337
7634,-333.8,-221.36666666666667
7635,-333.71250000000003,-221.65
7636,-333.6125,-221.93333333333337
7637,-333.52500000000003,-222.21666666666667
7638,-333.425,-222.5
7639,-333.3125,-222.78333333333336
7640,-333.21250000000003,-223.05
7641,-333.1125,-223.33333333333337
7642,-333.0,-223.61666666666667
7643,-332.88750000000005,-223.9
7644,-332.7875,-224.16666666666666
7645,-332.675,-224.45000000000002
7646,-332.5625,-224.73333333333335
7647,-332.45000000000005,-225.0
7648,-332.33750000000003,-225.28333333333336
7649,-332.21250000000003,-225.55
7650,-332.1,-225.83333333333337
7651,-331.9875,-226.11666666666667
7652,-331.875,-226.38333333333335
7653,-331.75,-226.66666666666666
7654,-331.63750000000005,-226.95000000000002
7655,-331.52500000000003,-227.21666666666667
7656,-331.40000000000003,-227.5
7657,-331.2875,-227.76666666666665
7658,-331.1625,-228.05
7659,-331.05,-228.33333333333337
7660,-330.925,-228.60000000000002
7661,-330.8,-228.88333333333335
7662,-330.675,-229.16666666666666
7663,-330.55,-229.43333333333337
7664,-330.4125,-229.71666666666667
7665,-330.2875,-230.0
7666,-330.1625,-230.28333333333336
7667,-330.02500000000003,-230.56666666666666
7668,-329.88750000000005,-230.83333333333337
7669,-329.75,-231.11666666666667
7670,-329.6125,-231.4
7671,-329.475,-231.68333333333337
7672,-329.32500000000005,-231.96666666666667
7673,-329.1875,-232.25
7674,-329.0375,-232.53333333333336
7675,-328.90000000000003,-232.81666666666666
7676,-328.75,-233.10000000000002
7677,-328.6,-233.38333333333335
7678,-328.45000000000005,-233.68333333333337
7679,-328.3,-233.96666666666667
7680,-328.13750000000005,-234.25
7681,-327.975,-234.55
7682,-327.8125,-234.83333333333337
7683,-327.6625,-235.13333333333335
7684,-327.5,-235.43333333333337
7685,-327.32500000000005,-235.71666666666667
7686,-327.1625,-236.01666666666665
7687,-326.9875,-236.31666666666666
7688,-326.8125,-236.61666666666667
7689,-326.63750000000005,-236.91666666666666
7690,-326.46250000000003,-237.21666666666667
7691,-326.27500000000003,-237.53333333333336
7692,-326.1,-237.83333333333337
7693,-325.9125,-238.15
7694,-325.725,-238.45000000000002
7695,-325.52500000000003,-238.76666666666665
7696,-325.33750000000003,-239.08333333333337
7697,-325.13750000000005,-239.4
7698,-324.9375,-239.71666666666667
7699,-324.7375,-240.03333333333336
7700,-324.52500000000003,-240.35000000000002
7701,-324.3,-240.65
7702,-324.07500000000005,-240.96666666666667
7703,-323.83750000000003,-241.28333333333336
7704,-323.58750000000003,-241.58333333333337
7705,-323.33750000000003,-241.88333333333335
7706,-323.07500000000005,-242.18333333333337
7707,-322.8,-242.46666666666667
7708,-322.51250000000005,-242.75
7709,-322.21250000000003,-243.01666666666665
7710,-321.90000000000003,-243.28333333333336
7711,-321.58750000000003,-243.55
7712,-321.25,-243.78333333333336
7713,-320.9125,-244.03333333333336
7714,-320.5625,-244.26666666666665
7715,-320.20000000000005,-244.48333333333335
7716,-319.83750000000003,-244.70000000000002
7717,-319.46250000000003,-244.91666666666666
7718,-319.08750000000003,-245.11666666666667
7719,-318.70000000000005,-245.33333333333337
7720,-318.32500000000005,-245.55
7721,-317.9375,-245.76666666666665
7722,-317.5375,-245.98333333333335
7723,-317.15000000000003,-246.20000000000002
7724,-316.75,-246.41666666666666
7725,-316.35,-246.65
7726,-315.95000000000005,-246.88333333333335
7727,-315.55,-247.11666666666667
7728,-315.15000000000003,-247.36666666666667
7729,-314.75,-247.61666666666667
7730,-314.35,-247.86666666666667
7731,-313.95000000000005,-248.13333333333338
7732,-313.55,-248.40000000000003
7733,-313.15000000000003,-248.68333333333334
7734,-312.76250000000005,-248.96666666666664
7735,-312.375,-249.28333333333336
7736,-311.9875,-249.58333333333337
7737,-311.6125,-249.91666666666669
7738,-311.2375,-250.25
7739,-310.8625,-250.58333333333337
7740,-310.5,-250.93333333333334
7741,-310.13750000000005,-251.3
7742,-309.77500000000003,-251.66666666666669
7743,-309.4125,-252.03333333333336
7744,-309.0625,-252.41666666666669
7745,-308.70000000000005,-252.8
7746,-308.35,-253.2
7747,-307.9875,-253.58333333333337
7748,-307.63750000000005,-253.98333333333335
7749,-307.2875,-254.38333333333338
7750,-306.925,-254.8
7751,-306.57500000000005,-255.2
7752,-306.225,-255.61666666666667
7753,-305.8625,-256.05
7754,-305.51250000000005,-256.46666666666664
7755,-305.1625,-256.90000000000003
7756,-304.82500000000005,-257.33333333333337
7757,-304.475,-257.78333333333336
7758,-304.13750000000005,-258.21666666666664
7759,-303.8,-258.68333333333334
7760,-303.475,-259.1333333333334
7761,-303.13750000000005,-259.6
7762,-302.8125,-260.06666666666666
7763,-302.4875,-260.53333333333336
7764,-302.1625,-261.0
7765,-301.85,-261.46666666666664
7766,-301.4875,-262.0
7767,-301.21250000000003,-262.40000000000003
7768,-300.875,-262.9166666666667
7769,-300.46250000000003,-263.51666666666665
7770,-300.1625,-263.96666666666664
7771,-299.8,-264.5
7772,-299.375,-265.15000000000003
7773,-299.0625,-265.6166666666667
7774,-298.675,-266.18333333333334
7775,-298.21250000000003,-266.8833333333334
7776,-297.875,-267.3833333333334
7777,-297.46250000000003,-267.98333333333335
7778,-296.96250000000003,-268.7
7779,-296.6,-269.23333333333335
7780,-296.15000000000003,-269.8666666666667
7781,-295.625,-270.6333333333334
7782,-295.2375,-271.18333333333334
7783,-294.75,-271.85
7784,-294.175,-272.6333333333334
7785,-293.7625,-273.21666666666664
7786,-293.25,-273.90000000000003
7787,-292.625,-274.71666666666664
7788,-292.175,-275.3
7789,-291.625,-275.98333333333335
7790,-290.975,-276.8
7791,-290.5,-277.3833333333334
7792,-289.9125,-278.05
7793,-289.21250000000003,-278.83333333333337
7794,-288.71250000000003,-279.3833333333334
7795,-288.1,-280.03333333333336
7796,-287.3625,-280.76666666666665
7797,-286.825,-281.28333333333336
7798,-286.1875,-281.8833333333334
7799,-285.4125,-282.55
7800,-284.85,-283.01666666666665
7801,-284.1625,-283.55
7802,-283.33750000000003,-284.15000000000003
7803,-282.75,-284.56666666666666
7804,-282.02500000000003,-285.03333333333336
7805,-281.175,-285.56666666666666
7806,-280.55,-285.9166666666667
7807,-279.8125,-286.31666666666666
7808,-278.925,-286.76666666666665
7809,-278.2875,-287.06666666666666
7810,-277.5125,-287.40000000000003
7811,-276.6,-287.78333333333336
7812,-275.95,-288.03333333333336
7813,-275.1625,-288.31666666666666
7814,-274.25,-288.6333333333334
7815,-273.58750000000003,-288.83333333333337
7816,-272.8,-289.08333333333337
7817,-271.875,-289.3666666666667
7818,-271.21250000000003,-289.55
7819,-270.4125,-289.76666666666665
7820,-269.4875,-290.03333333333336
7821,-268.8125,-290.2
7822,-268.0125,-290.4166666666667
7823,-267.075,-290.65000000000003
7824,-266.40000000000003,-290.8
7825,-265.575,-291.0
7826,-264.6,-291.21666666666664
7827,-263.8875,-291.3666666666667
7828,-263.0375,-291.53333333333336
7829,-262.0,-291.73333333333335
7830,-261.2625,-291.8833333333334
7831,-260.35,-292.03333333333336
7832,-259.2625,-292.21666666666664
7833,-258.475,-292.33333333333337
7834,-257.52500000000003,-292.46666666666664
7835,-256.3875,-292.6166666666667
7836,-255.5625,-292.7
7837,-254.5625,-292.8
7838,-253.3625,-292.90000000000003
7839,-252.5,-292.96666666666664
7840,-251.46250000000003,-293.01666666666665
7841,-250.22500000000002,-293.05
7842,-249.325,-293.06666666666666
7843,-248.2375,-293.06666666666666
7844,-246.96250000000003,-293.03333333333336
7845,-246.02500000000003,-293.0
7846,-244.91250000000002,-292.9166666666667
7847,-243.60000000000002,-292.81666666666666
7848,-242.65,-292.71666666666664
7849,-241.5,-292.58333333333337
7850,-240.16250000000002,-292.3833333333334
7851,-239.1875,-292.23333333333335
7852,-238.025,-292.01666666666665
7853,-236.65,-291.75
7854,-235.675,-291.55
7855,-234.51250000000002,-291.31666666666666
7856,-233.15,-291.05
7857,-232.1875,-290.8833333333334
7858,-231.025,-290.68333333333334
7859,-229.66250000000002,-290.48333333333335
7860,-228.70000000000002,-290.35
7861,-227.53750000000002,-290.2
7862,-226.1875,-290.05
7863,-225.16250000000002,-289.93333333333334
7864,-224.07500000000002,-289.83333333333337
7865,-222.72500000000002,-289.68333333333334
7866,-221.76250000000002,-289.6
7867,-220.6125,-289.48333333333335
7868,-219.275,-289.33333333333337
7869,-218.32500000000002,-289.21666666666664
7870,-217.175,-289.08333333333337
7871,-215.8375,-288.9166666666667
7872,-214.88750000000002,-288.8
7873,-213.75,-288.6333333333334
7874,-212.41250000000002,-288.45
7875,-211.4625,-288.3
7876,-210.25,-288.1166666666667
7877,-208.9625,-287.9166666666667
7878,-208.0,-287.75
7879,-206.8375,-287.56666666666666
7880,-205.4875,-287.31666666666666
7881,-204.51250000000002,-287.15000000000003
7882,-203.3375,-286.9166666666667
7883,-201.9625,-286.65000000000003
7884,-200.97500000000002,-286.45
7885,-199.775,-286.2
7886,-198.375,-285.90000000000003
7887,-197.35000000000002,-285.6666666666667
7888,-196.125,-285.3833333333334
7889,-194.675,-285.01666666666665
7890,-193.63750000000002,-284.75
7891,-192.375,-284.4166666666667
7892,-190.88750000000002,-284.01666666666665
7893,-189.82500000000002,-283.7
7894,-188.53750000000002,-283.33333333333337
7895,-187.025,-282.8666666666667
7896,-185.95000000000002,-282.51666666666665
7897,-184.63750000000002,-282.06666666666666
7898,-183.10000000000002,-281.53333333333336
7899,-182.0,-281.1333333333334
7900,-180.675,-280.6333333333334
7901,-179.125,-280.03333333333336
7902,-178.0,-279.6
7903,-176.65,-279.05
7904,-175.05,-278.4166666666667
7905,-173.91250000000002,-277.95
7906,-172.525,-277.3833333333334
7907,-170.9,-276.71666666666664
7908,-169.72500000000002,-276.23333333333335
7909,-168.3125,-275.65000000000003
7910,-166.65,-274.96666666666664
7911,-165.45000000000002,-274.46666666666664
7912,-164.0,-273.85
7913,-162.3125,-273.1333333333334
7914,-161.0875,-272.6
7915,-159.625,-271.95
7916,-157.91250000000002,-271.2
7917,-156.70000000000002,-270.65000000000003
7918,-155.22500000000002,-269.98333333333335
7919,-153.5,-269.2
7920,-152.26250000000002,-268.6333333333334
7921,-150.76250000000002,-267.93333333333334
7922,-149.025,-267.1166666666667
7923,-147.76250000000002,-266.51666666666665
7924,-146.25,-265.8
7925,-144.47500000000002,-264.95
7926,-143.20000000000002,-264.33333333333337
7927,-141.675,-263.6
7928,-139.8625,-262.73333333333335
7929,-138.57500000000002,-262.1166666666667
7930,-137.01250000000002,-261.3666666666667
7931,-135.1625,-260.48333333333335
7932,-133.85,-259.8666666666667
7933,-132.25,-259.1166666666667
7934,-130.375,-258.23333333333335
7935,-129.025,-257.6166666666667
7936,-127.38750000000002,-256.8833333333334
7937,-125.375,-255.96666666666664
7938,-124.1,-255.41666666666669
7939,-122.45000000000002,-254.7
7940,-120.51250000000002,-253.86666666666667
7941,-119.13750000000002,-253.28333333333336
7942,-117.5,-252.61666666666667
7943,-115.5875,-251.85000000000002
7944,-114.23750000000001,-251.31666666666666
7945,-112.6375,-250.68333333333334
7946,-110.775,-250.0
7947,-109.4625,-249.51666666666665
7948,-107.9,-248.95
7949,-106.075,-248.33333333333337
7950,-104.80000000000001,-247.9
7951,-103.2625,-247.41666666666666
7952,-101.48750000000001,-246.86666666666667
7953,-100.22500000000001,-246.48333333333335
7954,-98.72500000000001,-246.05
7955,-96.98750000000001,-245.58333333333337
7956,-95.73750000000001,-245.25
7957,-94.2125,-244.86666666666667
7958,-92.5125,-244.46666666666667
7959,-91.275,-244.18333333333337
7960,-89.78750000000001,-243.86666666666667
7961,-88.05000000000001,-243.5
7962,-86.80000000000001,-243.25
7963,-85.3125,-242.95000000000002
7964,-83.575,-242.61666666666667
7965,-82.3375,-242.4
7966,-80.85000000000001,-242.13333333333335
7967,-79.11250000000001,-241.85000000000002
7968,-77.86250000000001,-241.65
7969,-76.375,-241.41666666666666
7970,-74.6375,-241.16666666666666
7971,-73.3875,-240.98333333333335
7972,-71.9,-240.8
7973,-70.16250000000001,-240.60000000000002
7974,-68.91250000000001,-240.46666666666667
7975,-67.42500000000001,-240.31666666666666
7976,-65.675,-240.16666666666666
7977,-64.425,-240.06666666666666
7978,-62.9375,-239.98333333333335
7979,-61.2,-239.88333333333335
7980,-59.95,-239.85000000000002
7981,-58.462500000000006,-239.8
7982,-56.712500000000006,-239.8
7983,-55.462500000000006,-239.8
7984,-53.9875,-239.83333333333337
7985,-52.25,-239.91666666666666
7986,-51.0125,-240.0
7987,-49.5375,-240.11666666666667
7988,-47.8125,-240.3
7989,-46.587500000000006,-240.45000000000002
7990,-45.125,-240.66666666666666
7991,-43.425000000000004,-240.95000000000002
7992,-42.212500000000006,-241.18333333333337
7993,-40.775000000000006,-241.48333333333335
7994,-39.112500000000004,-241.9
7995,-37.925000000000004,-242.21666666666667
7996,-36.525000000000006,-242.61666666666667
7997,-34.9125,-243.15
7998,-33.775000000000006,-243.56666666666666
7999,-32.425000000000004,-244.08333333333337
8000,-30.862500000000004,-244.71666666666667
8001,-29.762500000000003,-245.21666666666667
8002,-28.462500000000006,-245.83333333333337
8003,-26.987500000000004,-246.60000000000002
8004,-25.9375,-247.18333333333337
8005,-24.700000000000003,-247.9
8006,-23.262500000000003,-248.78333333333336
8007,-22.262500000000003,-249.43333333333334
8008,-21.050000000000004,-250.26666666666665
8009,-19.6625,-251.26666666666665
8010,-18.700000000000003,-252.0
8011,-17.5375,-252.91666666666669
8012,-16.212500000000002,-254.01666666666665
8013,-15.262500000000003,-254.81666666666666
8014,-14.137500000000003,-255.8
8015,-12.825000000000003,-257.0
8016,-11.925,-257.85
8017,-10.825000000000003,-258.90000000000003
8018,-9.5625,-260.1666666666667
8019,-8.662500000000001,-261.08333333333337
8020,-7.5,-262.3
8021,-6.324999999999999,-263.53333333333336
8022,-5.4375,-264.5
8023,-4.362500000000001,-265.68333333333334
8024,-3.1125000000000007,-267.08333333333337
8025,-2.2250000000000014,-268.1
8026,-1.1625000000000014,-269.33333333333337
8027,0.0625,-270.8
8028,0.9375,-271.8666666666667
8029,1.987499999999999,-273.1666666666667
8030,3.1999999999999993,-274.71666666666664
8031,4.05,-275.83333333333337
8032,5.074999999999999,-277.2
8033,6.25,-278.81666666666666
8034,7.074999999999999,-279.98333333333335
8035,8.0625,-281.40000000000003
8036,9.1875,-283.06666666666666
8037,9.9625,-284.28333333333336
8038,10.8875,-285.73333333333335
8039,11.95,-287.45
8040,12.675,-288.6666666666667
8041,13.55,-290.1333333333334
8042,14.5375,-291.85
8043,15.2375,-293.06666666666666
8044,16.0625,-294.53333333333336
8045,17.0125,-296.23333333333335
8046,17.6875,-297.45
8047,18.4625,-298.9166666666667
8048,19.375,-300.6333333333334
8049,20.012500000000003,-301.85
8050,20.762500000000003,-303.33333333333337
8051,21.637500000000003,-305.06666666666666
8052,22.25,-306.31666666666666
8053,22.975,-307.83333333333337
8054,23.825000000000003,-309.6
8055,24.4125,-310.8833333333334
8056,25.125,-312.4166666666667
8057,25.950000000000003,-314.25
8058,26.55,-315.56666666666666
8059,27.25,-317.15000000000003
8060,28.075,-319.03333333333336
8061,28.6625,-320.3833333333334
8062,29.3625,-322.03333333333336
8063,30.175,-323.9666666666667
8064,30.762500000000003,-325.35
8065,31.462500000000002,-327.03333333333336
8066,32.275000000000006,-329.01666666666665
8067,32.85,-330.4333333333334
8068,33.55,-332.1666666666667
8069,34.35,-334.20000000000005
8070,34.925,-335.6666666666667
8071,35.6125,-337.4333333333334
8072,36.425,-339.51666666666665
8073,37.0,-341.01666666666665
8074,37.6875,-342.83333333333337
8075,38.5,-344.9666666666667
8076,39.087500000000006,-346.5
8077,39.7875,-348.33333333333337
8078,40.6125,-350.5
8079,41.2,-352.06666666666666
8080,41.925,-353.95000000000005
8081,42.7625,-356.15000000000003
8082,43.375,-357.73333333333335
8083,44.125,-359.65000000000003
8084,45.0125,-361.8833333333334
8085,45.6625,-363.48333333333335
8086,46.45,-365.4166666666667
8087,47.3875,-367.6833333333334
8088,48.075,-369.3
8089,48.9125,-371.25
8090,49.9125,-373.53333333333336
8091,50.625,-375.1666666666667
8092,51.5125,-377.1333333333334
8093,52.550000000000004,-379.4333333333334
8094,53.3875,-381.28333333333336
8095,54.212500000000006,-383.08333333333337
8096,55.2875,-385.4166666666667
8097,56.0625,-387.08333333333337
8098,56.987500000000004,-389.1
8099,58.087500000000006,-391.4666666666667
8100,58.875,-393.15000000000003
8101,59.825,-395.1833333333334
8102,60.9375,-397.55
8103,61.725,-399.2166666666667
8104,62.6875,-401.2166666666667
8105,63.800000000000004,-403.5333333333333
8106,64.6,-405.16666666666674
8107,65.7125,-407.43333333333334
8108,66.6625,-409.3333333333333
8109,67.4375,-410.91666666666674
8110,68.375,-412.7833333333333
8111,69.4625,-414.91666666666674
8112,70.2125,-416.43333333333334
8113,71.275,-418.5
8114,72.1625,-420.23333333333335
8115,72.9,-421.66666666666674
8116,73.92500000000001,-423.6333333333333
8117,74.7875,-425.2833333333333
8118,75.4875,-426.65000000000003
8119,76.4625,-428.5166666666667
8120,77.3,-430.0833333333333
8121,77.97500000000001,-431.36666666666673
8122,78.775,-432.8833333333333
8123,79.7125,-434.61666666666673
8124,80.3625,-435.8333333333333
8125,81.2625,-437.5166666666667
8126,82.025,-438.91666666666674
8127,82.65,-440.0666666666667
8128,83.5125,-441.65000000000003
8129,84.2375,-442.9666666666667
8130,84.8375,-444.0666666666667
8131,85.53750000000001,-445.35
8132,86.35000000000001,-446.8
8133,86.925,-447.8333333333333
8134,87.65,-449.1333333333333
8135,88.3125,-450.3
8136,88.9625,-451.4666666666667
8137,89.5875,-452.5833333333333
8138,90.22500000000001,-453.68333333333334
8139,90.8375,-454.75
8140,91.45,-455.8
8141,92.05000000000001,-456.8166666666667
8142,92.6375,-457.8166666666667
8143,93.22500000000001,-458.7666666666667
8144,93.8125,-459.7166666666667
8145,94.3875,-460.61666666666673
8146,94.9625,-461.48333333333335
8147,95.525,-462.3333333333333
8148,96.0875,-463.15000000000003
8149,96.66250000000001,-463.95000000000005
8150,97.2125,-464.70000000000005
8151,97.7625,-465.41666666666674
8152,98.30000000000001,-466.1
8153,98.8375,-466.75
8154,99.36250000000001,-467.3833333333333
8155,99.8875,-467.9666666666667
8156,100.41250000000001,-468.5333333333333
8157,100.92500000000001,-469.0666666666667
8158,101.42500000000001,-469.5666666666667
8159,101.92500000000001,-470.0333333333333
8160,102.41250000000001,-470.48333333333335
8161,102.9,-470.90000000000003
8162,103.36250000000001,-471.2833333333333
8163,103.825,-471.65000000000003
8164,104.2625,-471.98333333333335
8165,104.6875,-472.2833333333333
8166,105.11250000000001,-472.5666666666667
8167,105.53750000000001,-472.8333333333333
8168,105.9625,-473.0833333333333
8169,106.4,-473.3333333333333
8170,106.8375,-473.55
8171,107.275,-473.7833333333333
8172,107.72500000000001,-474.0
8173,108.17500000000001,-474.20000000000005
8174,108.6375,-474.41666666666674
8175,109.10000000000001,-474.61666666666673
8176,109.5875,-474.8
8177,110.0875,-475.0
8178,110.5875,-475.18333333333334
8179,111.11250000000001,-475.3833333333333
8180,111.65,-475.5666666666667
8181,112.2125,-475.7666666666667
8182,112.78750000000001,-475.95000000000005
8183,113.36250000000001,-476.1333333333333
8184,113.9625,-476.3166666666667
8185,114.5875,-476.5
8186,115.22500000000001,-476.66666666666674
8187,115.875,-476.8333333333333
8188,116.53750000000001,-476.98333333333335
8189,117.22500000000001,-477.1333333333333
8190,117.9375,-477.2666666666667
8191,118.65,-477.3833333333333
8192,119.3875,-477.5
8193,120.1375,-477.5833333333333
8194,120.91250000000001,-477.66666666666674
8195,121.7,-477.7166666666667
8196,122.5,-477.7666666666667
8197,123.3125,-477.7833333333333
8198,124.1375,-477.7833333333333
8199,124.97500000000001,-477.7666666666667
8200,125.8125,-477.7166666666667
8201,126.65,-477.6333333333333
8202,127.48750000000001,-477.5333333333333
8203,128.3125,-477.40000000000003
8204,129.1375,-477.25
8205,129.95,-477.0666666666667
8206,130.7625,-476.86666666666673
8207,131.55,-476.6333333333333
8208,132.3375,-476.36666666666673
8209,133.1125,-476.0833333333333
8210,133.875,-475.7833333333333
8211,134.625,-475.45000000000005
8212,135.35000000000002,-475.1
8213,136.0625,-474.7166666666667
8214,136.775,-474.3
8215,137.45,-473.86666666666673
8216,138.125,-473.41666666666674
8217,138.775,-472.95000000000005
8218,139.4125,-472.45000000000005
8219,140.0375,-471.95000000000005
8220,140.65,-471.41666666666674
8221,141.2375,-470.8833333333333
8222,141.8125,-470.3166666666667
8223,142.375,-469.75
8224,142.925,-469.16666666666674
8225,143.4625,-468.5666666666667
8226,143.9875,-467.93333333333334
8227,144.51250000000002,-467.3
8228,145.0375,-466.6333333333333
8229,145.55,-465.9666666666667
8230,146.0875,-465.2666666666667
8231,146.6125,-464.55
8232,147.13750000000002,-463.8166666666667
8233,147.675,-463.0666666666667
8234,148.2125,-462.2833333333333
8235,148.75,-461.5
8236,149.2875,-460.68333333333334
8237,149.82500000000002,-459.85
8238,150.3625,-459.0
8239,150.9125,-458.1333333333333
8240,151.45000000000002,-457.23333333333335
8241,152.0,-456.3333333333333
8242,152.55,-455.40000000000003
8243,153.1125,-454.45000000000005
8244,153.675,-453.5
8245,154.25,-452.5333333333333
8246,154.8375,-451.5333333333333
8247,155.4375,-450.5333333333333
8248,156.0375,-449.5333333333333
8249,156.65,-448.5
8250,157.2875,-447.4666666666667
8251,157.925,-446.41666666666674
8252,158.5875,-445.3333333333333
8253,159.26250000000002,-444.2666666666667
8254,159.95000000000002,-443.18333333333334
8255,160.65,-442.0833333333333
8256,161.375,-440.9666666666667
8257,162.1125,-439.85
8258,162.85,-438.7166666666667
8259,163.6125,-437.5833333333333
8260,164.4,-436.41666666666674
8261,165.1875,-435.25
8262,166.0,-434.0666666666667
8263,166.8125,-432.8833333333333
8264,167.63750000000002,-431.68333333333334
8265,168.47500000000002,-430.4666666666667
8266,169.3375,-429.25
8267,170.20000000000002,-428.0
8268,171.07500000000002,-426.75
8269,171.95000000000002,-425.48333333333335
8270,172.85000000000002,-424.20000000000005
8271,173.75,-422.90000000000003
8272,174.66250000000002,-421.6
8273,175.5875,-420.2833333333333
8274,176.525,-418.95000000000005
8275,177.4625,-417.6
8276,178.41250000000002,-416.25
8277,179.3625,-414.8833333333333
8278,180.3125,-413.5333333333333
8279,181.275,-412.16666666666674
8280,182.2375,-410.7833333333333
8281,183.2125,-409.40000000000003
8282,184.1875,-408.0
8283,185.175,-406.5833333333333
8284,186.16250000000002,-405.15000000000003
8285,187.15,-403.7166666666667
8286,188.15,-402.2666666666667
8287,189.16250000000002,-400.78333333333336
8288,190.16250000000002,-399.31666666666666
8289,191.175,-397.83333333333337
8290,192.1875,-396.33333333333337
8291,193.2125,-394.81666666666666
8292,194.2375,-393.28333333333336
8293,195.26250000000002,-391.75
8294,196.3,-390.1833333333334
8295,197.3375,-388.6333333333334
8296,198.375,-387.05
8297,199.425,-385.4666666666667
8298,200.4875,-383.8666666666667
8299,201.55,-382.26666666666665
8300,202.625,-380.65000000000003
8301,203.7125,-379.01666666666665
8302,204.8,-377.3833333333334
8303,205.9,-375.73333333333335
8304,206.9875,-374.08333333333337
8305,208.0875,-372.4333333333334
8306,209.1875,-370.78333333333336
8307,210.3,-369.1166666666667
8308,211.41250000000002,-367.45000000000005
8309,212.525,-365.78333333333336
8310,213.65,-364.1
8311,214.78750000000002,-362.40000000000003
8312,215.925,-360.70000000000005
8313,217.0625,-359.0
8314,218.2125,-357.28333333333336
8315,219.3625,-355.56666666666666
8316,220.525,-353.83333333333337
8317,221.6875,-352.1
8318,222.8625,-350.35
8319,224.03750000000002,-348.6
8320,225.2375,-346.83333333333337
8321,226.425,-345.06666666666666
8322,227.625,-343.3
8323,228.82500000000002,-341.51666666666665
8324,230.03750000000002,-339.7166666666667
8325,231.26250000000002,-337.9166666666667
8326,232.47500000000002,-336.1333333333334
8327,233.7125,-334.31666666666666
8328,234.9375,-332.5
8329,236.1875,-330.6833333333334
8330,237.4375,-328.85
8331,238.6875,-327.0
8332,239.95000000000002,-325.1666666666667
8333,241.2125,-323.31666666666666
8334,242.4875,-321.45000000000005
8335,243.775,-319.58333333333337
8336,245.05,-317.7166666666667
8337,246.35000000000002,-315.83333333333337
8338,247.65,-313.95000000000005
8339,248.95000000000002,-312.05
8340,250.26250000000002,-310.1666666666667
8341,251.57500000000002,-308.25
8342,252.9,-306.33333333333337
8343,254.22500000000002,-304.4166666666667
8344,255.55,-302.5
8345,256.9,-300.56666666666666
8346,258.2375,-298.6166666666667
8347,259.5875,-296.68333333333334
8348,260.95000000000005,-294.71666666666664
8349,262.3125,-292.76666666666665
8350,263.675,-290.8
8351,265.0375,-288.81666666666666
8352,266.4125,-286.83333333333337
8353,267.7875,-284.85
8354,269.175,-282.85
8355,270.7875,-280.5
8356,271.8,-279.03333333333336
8357,273.425,-276.68333333333334
8358,274.58750000000003,-274.98333333333335
8359,275.9875,-272.95
8360,277.625,-270.56666666666666
8361,278.8,-268.8666666666667
8362,280.21250000000003,-266.8
8363,281.85,-264.3833333333334
8364,283.0375,-262.6666666666667
8365,284.46250000000003,-260.58333333333337
8366,286.125,-258.15000000000003
8367,287.3125,-256.40000000000003
8368,288.7375,-254.3
8369,290.4125,-251.83333333333337
8370,291.6,-250.06666666666666
8371,293.0375,-247.95000000000002
8372,294.71250000000003,-245.46666666666667
8373,295.90000000000003,-243.68333333333337
8374,297.33750000000003,-241.53333333333336
8375,299.0125,-239.0
8376,300.21250000000003,-237.20000000000002
8377,301.6375,-235.01666666666665
8378,303.3125,-232.45000000000002
8379,304.4875,-230.63333333333335
8380,305.90000000000003,-228.41666666666666
8381,307.3125,-226.20000000000002
8382,308.725,-223.96666666666667
8383,310.1125,-221.71666666666667
8384,311.5,-219.46666666666667
8385,312.8875,-217.20000000000002
8386,314.4875,-214.53333333333336
8387,315.625,-212.61666666666667
8388,316.9875,-210.31666666666666
8389,318.33750000000003,-208.0
8390,319.675,-205.66666666666666
8391,321.0,-203.31666666666666
8392,322.32500000000005,-200.96666666666667
8393,323.625,-198.58333333333337
8394,324.925,-196.2166666666667
8395,326.20000000000005,-193.8166666666667
8396,327.475,-191.4
8397,328.725,-188.98333333333335
8398,329.975,-186.55
8399,331.21250000000003,-184.10000000000002
8400,332.4375,-181.65
8401,333.65000000000003,-179.18333333333334
8402,334.85,-176.7166666666667
8403,336.05,-174.2166666666667
8404,337.2375,-171.7166666666667
8405,338.425,-169.2166666666667
8406,339.6,-166.7166666666667
8407,340.76250000000005,-164.20000000000002
8408,341.925,-161.70000000000002
8409,343.0625,-159.18333333333334
8410,344.38750000000005,-156.23333333333335
8411,345.33750000000003,-154.10000000000002
8412,346.45000000000005,-151.5666666666667
8413,347.7375,-148.58333333333334
8414,348.65000000000003,-146.4666666666667
8415,349.7375,-143.88333333333333
8416,350.82500000000005,-141.3
8417,351.90000000000003,-138.71666666666667
8418,352.975,-136.13333333333333
8419,354.21250000000003,-133.08333333333334
8420,355.08750000000003,-130.91666666666669
8421,356.13750000000005,-128.3
8422,357.35,-125.21666666666667
8423,358.225,-123.03333333333333
8424,359.26250000000005,-120.38333333333333
8425,360.46250000000003,-117.30000000000001
8426,361.33750000000003,-115.08333333333333
8427,362.375,-112.43333333333334
8428,363.58750000000003,-109.31666666666668
8429,364.46250000000003,-107.10000000000001
8430,365.51250000000005,-104.41666666666669
8431,366.7375,-101.30000000000001
8432,367.625,-99.06666666666668
8433,368.70000000000005,-96.38333333333333
8434,369.95000000000005,-93.25
8435,370.8625,-91.0
8436,371.95000000000005,-88.30000000000001
8437,373.2375,-85.16666666666667
8438,374.15000000000003,-82.91666666666667
8439,375.26250000000005,-80.2
8440,376.5625,-77.05000000000001
8441,377.4875,-74.78333333333335
8442,378.6,-72.05000000000001
8443,379.90000000000003,-68.85000000000001
8444,380.8125,-66.58333333333334
8445,381.90000000000003,-63.83333333333334
8446,383.15000000000003,-60.60000000000001
8447,384.0375,-58.283333333333346
8448,385.07500000000005,-55.5
8449,386.26250000000005,-52.21666666666667
8450,387.1,-49.86666666666667
8451,388.07500000000005,-47.050000000000004
8452,389.1875,-43.73333333333334
8453,389.96250000000003,-41.35
8454,390.875,-38.483333333333334
8455,391.9125,-35.116666666666674
8456,392.63750000000005,-32.71666666666667
8457,393.475,-29.800000000000004
8458,394.4125,-26.4
8459,395.0625,-23.950000000000003
8460,395.8,-21.0
8461,396.6125,-17.55
8462,397.175,-15.066666666666666
8463,397.8125,-12.083333333333336
8464,398.4125,-9.083333333333336
8465,398.9875,-6.083333333333336
8466,399.52500000000003,-3.066666666666668
8467,400.1125,0.4833333333333325
8468,400.51250000000005,3.0166666666666657
8469,400.95000000000005,6.05
8470,401.425,9.616666666666667
8471,401.725,12.183333333333334
8472,402.07500000000005,15.25
8473,402.4375,18.85
8474,402.675,21.416666666666664
8475,402.9125,24.516666666666666
8476,403.175,28.133333333333336
8477,403.32500000000005,30.733333333333334
8478,403.4875,33.83333333333333
8479,403.63750000000005,37.483333333333334
8480,403.725,40.083333333333336
8481,403.8,43.2
8482,403.85,46.85
8483,403.8625,49.43333333333334
8484,403.85,52.5
8485,403.82500000000005,56.03333333333333
8486,403.8,58.53333333333333
8487,403.75,61.48333333333334
8488,403.6875,64.85
8489,403.63750000000005,67.23333333333335
8490,403.57500000000005,70.05000000000001
8491,403.51250000000005,72.93333333333334
8492,403.45000000000005,75.66666666666667
8493,403.38750000000005,78.35000000000001
8494,403.3125,80.98333333333333
8495,403.2375,83.60000000000001
8496,403.1625,86.16666666666667
8497,403.08750000000003,88.7
8498,403.01250000000005,91.18333333333334
8499,402.9375,93.63333333333334
8500,402.85,96.03333333333335
8501,402.77500000000003,98.4
8502,402.6875,100.73333333333335
8503,402.6,103.01666666666667
8504,402.51250000000005,105.26666666666667
8505,402.425,107.48333333333335
8506,402.32500000000005,109.66666666666667
8507,402.2375,111.80000000000001
8508,402.13750000000005,113.9
8509,402.0375,115.95
8510,401.9375,117.96666666666668
8511,401.83750000000003,119.93333333333334
8512,401.725,121.86666666666667
8513,401.625,123.76666666666668
8514,401.52500000000003,125.63333333333333
8515,401.4125,127.46666666666668
8516,401.3,129.25
8517,401.20000000000005,131.0
8518,401.08750000000003,132.7166666666667
8519,400.975,134.4
8520,400.8625,136.03333333333333
8521,400.75,137.63333333333333
8522,400.63750000000005,139.20000000000002
8523,400.52500000000003,140.73333333333332
8524,400.4125,142.23333333333332
8525,400.2875,143.68333333333334
8526,400.175,145.11666666666667
8527,400.05,146.5
8528,399.925,147.85
8529,399.8,149.16666666666669
8530,399.6625,150.45000000000002
8531,399.52500000000003,151.73333333333332
8532,399.375,153.01666666666668
8533,399.2375,154.3
8534,399.08750000000003,155.5666666666667
8535,398.925,156.83333333333334
8536,398.77500000000003,158.08333333333334
8537,398.625,159.3
8538,398.475,160.48333333333332
8539,398.32500000000005,161.65
8540,398.175,162.8
8541,398.02500000000003,163.95000000000002
8542,397.8625,165.10000000000002
8543,397.70000000000005,166.23333333333335
8544,397.51250000000005,167.36666666666667
8545,397.33750000000003,168.48333333333335
8546,397.13750000000005,169.61666666666667
8547,396.925,170.73333333333335
8548,396.70000000000005,171.85000000000002
8549,396.46250000000003,172.95000000000002
8550,396.225,174.05
8551,395.95000000000005,175.16666666666669
8552,395.675,176.26666666666668
8553,395.375,177.38333333333333
8554,395.0625,178.48333333333335
8555,394.7375,179.5666666666667
8556,394.40000000000003,180.66666666666669
8557,394.0375,181.75
8558,393.65000000000003,182.8166666666667
8559,393.25,183.86666666666667
8560,392.82500000000005,184.91666666666669
8561,392.375,185.95000000000002
8562,391.9125,186.9666666666667
8563,391.425,187.98333333333335
8564,390.9125,188.9666666666667
8565,390.375,189.95000000000002
8566,389.8125,190.9
8567,389.225,191.83333333333334
8568,388.6125,192.75
8569,387.975,193.63333333333333
8570,387.3125,194.5
8571,386.625,195.35000000000002
8572,385.925,196.16666666666669
8573,385.20000000000005,196.95000000000002
8574,384.45000000000005,197.73333333333335
8575,383.6875,198.4666666666667
8576,382.90000000000003,199.18333333333334
8577,382.1,199.86666666666667
8578,381.27500000000003,200.53333333333333
8579,380.4375,201.16666666666669
8580,379.58750000000003,201.76666666666668
8581,378.725,202.35000000000002
8582,377.83750000000003,202.9
8583,376.95000000000005,203.41666666666669
8584,376.0375,203.9
8585,375.125,204.36666666666667
8586,374.1875,204.8
8587,373.26250000000005,205.18333333333334
8588,372.32500000000005,205.55
8589,371.35,205.9
8590,370.38750000000005,206.20000000000002
8591,369.4375,206.4666666666667
8592,368.475,206.7166666666667
8593,367.5,206.91666666666669
8594,366.5375,207.08333333333334
8595,365.5625,207.23333333333335
8596,364.6,207.33333333333334
8597,363.625,207.41666666666669
8598,362.63750000000005,207.45000000000002
8599,361.65000000000003,207.4666666666667
8600,360.63750000000005,207.4666666666667
8601,359.625,207.41666666666669
8602,358.6,207.35000000000002
8603,357.5625,207.25
8604,356.51250000000005,207.13333333333333
8605,355.46250000000003,206.9666666666667
8606,354.40000000000003,206.8
8607,353.32500000000005,206.60000000000002
8608,352.25,206.36666666666667
8609,351.175,206.11666666666667
8610,350.08750000000003,205.83333333333334
8611,349.01250000000005,205.55
8612,347.925,205.23333333333335
8613,346.8625,204.9
8614,345.8,204.55
8615,344.7375,204.16666666666669
8616,343.70000000000005,203.75
8617,342.675,203.33333333333334
8618,341.65000000000003,202.86666666666667
8619,340.65000000000003,202.38333333333333
8620,339.6625,201.88333333333333
8621,338.70000000000005,201.33333333333334
8622,337.76250000000005,200.78333333333333
8623,336.83750000000003,200.18333333333334
8624,335.925,199.58333333333334
8625,335.05,198.93333333333334
8626,334.1875,198.28333333333333
8627,333.35,197.60000000000002
8628,332.5375,196.9
8629,331.75,196.16666666666669
8630,330.9875,195.41666666666669
8631,330.25,194.65
8632,329.5375,193.85000000000002
8633,328.8625,193.05
8634,328.20000000000005,192.23333333333335
8635,327.57500000000005,191.38333333333333
8636,326.975,190.53333333333333
8637,326.40000000000003,189.66666666666669
8638,325.8625,188.78333333333333
8639,325.35,187.88333333333333
8640,324.875,186.9666666666667
8641,324.425,186.05
8642,324.0,185.11666666666667
8643,323.6125,184.16666666666669
8644,323.2375,183.20000000000002
8645,322.90000000000003,182.2166666666667
8646,322.58750000000003,181.2166666666667
8647,322.3,180.2166666666667
8648,322.02500000000003,179.18333333333334
8649,321.7875,178.13333333333333
8650,321.5625,177.0666666666667
8651,321.375,176.0
8652,321.20000000000005,174.91666666666669
8653,321.0625,173.8166666666667
8654,320.95000000000005,172.70000000000002
8655,320.8625,171.58333333333334
8656,320.8125,170.45000000000002
8657,320.7875,169.3
8658,320.7875,168.15
8659,320.82500000000005,167.0
8660,320.88750000000005,165.8166666666667
8661,320.975,164.65
8662,321.08750000000003,163.4666666666667
8663,321.225,162.28333333333333
8664,321.38750000000005,161.0666666666667
8665,321.57500000000005,159.86666666666667
8666,321.77500000000003,158.65
8667,321.9875,157.41666666666669
8668,322.21250000000003,156.16666666666669
8669,322.45000000000005,154.91666666666669
8670,322.6875,153.65
8671,322.9375,152.35
8672,323.1875,151.05
8673,323.45000000000005,149.75
8674,323.71250000000003,148.41666666666669
8675,323.9875,147.0666666666667
8676,324.26250000000005,145.71666666666667
8677,324.55,144.33333333333334
8678,324.85,142.95000000000002
8679,325.15000000000003,141.53333333333333
8680,325.475,140.11666666666667
8681,325.8,138.68333333333334
8682,326.13750000000005,137.23333333333332
8683,326.4875,135.76666666666668
8684,326.85,134.28333333333333
8685,327.225,132.8
8686,327.6,131.28333333333333
8687,328.0,129.76666666666668
8688,328.40000000000003,128.2166666666667
8689,328.8,126.66666666666669
8690,329.225,125.10000000000001
8691,329.65000000000003,123.51666666666668
8692,330.07500000000005,121.93333333333334
8693,330.51250000000005,120.33333333333333
8694,330.95000000000005,118.75
8695,331.40000000000003,117.13333333333333
8696,331.85,115.51666666666668
8697,332.3,113.9
8698,332.76250000000005,112.25
8699,333.225,110.60000000000001
8700,333.6875,108.93333333333334
8701,334.13750000000005,107.25
8702,334.6,105.53333333333335
8703,335.05,103.83333333333334
8704,335.5,102.11666666666667
8705,335.9375,100.36666666666667
8706,336.375,98.61666666666667
8707,336.8125,96.85000000000001
8708,337.2375,95.05000000000001
8709,337.65000000000003,93.26666666666667
8710,338.0625,91.45
8711,338.475,89.63333333333334
8712,338.875,87.78333333333335
8713,339.27500000000003,85.93333333333334
8714,339.6625,84.06666666666666
8715,340.0375,82.18333333333334
8716,340.4125,80.28333333333335
8717,340.77500000000003,78.36666666666666
8718,341.125,76.45
8719,341.46250000000003,74.51666666666667
8720,341.8,72.55
8721,342.1125,70.58333333333334
8722,342.4125,68.6
8723,342.70000000000005,66.61666666666667
8724,342.96250000000003,64.6
8725,343.21250000000003,62.58333333333334
8726,343.4375,60.53333333333334
8727,343.65000000000003,58.483333333333334
8728,343.83750000000003,56.41666666666667
8729,344.0,54.35
8730,344.13750000000005,52.25
8731,344.26250000000005,50.150000000000006
8732,344.35,48.03333333333333
8733,344.425,45.91666666666667
8734,344.475,43.800000000000004
8735,344.5,41.68333333333333
8736,344.4875,39.55
8737,344.46250000000003,37.41666666666667
8738,344.425,35.266666666666666
8739,344.35,33.11666666666667
8740,344.25,30.96666666666667
8741,344.13750000000005,28.8
8742,344.0,26.650000000000002
8743,343.85,24.533333333333335
8744,343.6625,22.450000000000003
8745,343.475,20.4
8746,343.26250000000005,18.4
8747,343.05,16.416666666666668
8748,342.8125,14.466666666666669
8749,342.57500000000005,12.566666666666666
8750,342.32500000000005,10.7
8751,342.07500000000005,8.866666666666667
8752,341.8125,7.066666666666666
8753,341.5375,5.316666666666666
8754,341.26250000000005,3.583333333333333
8755,340.9875,1.916666666666666
8756,340.70000000000005,0.2666666666666666
8757,340.4125,-1.333333333333334
8758,340.1125,-2.9000000000000004
8759,339.8125,-4.433333333333334
8760,339.4875,-5.933333333333335
8761,339.175,-7.4
8762,338.85,-8.833333333333336
8763,338.51250000000005,-10.216666666666665
8764,338.15000000000003,-11.583333333333336
8765,337.77500000000003,-12.933333333333337
8766,337.375,-14.266666666666666
8767,336.96250000000003,-15.600000000000001
8768,336.51250000000005,-16.916666666666668
8769,336.0375,-18.21666666666667
8770,335.55,-19.51666666666667
8771,335.05,-20.8
8772,334.52500000000003,-22.083333333333332
8773,333.975,-23.35
8774,333.40000000000003,-24.6
8775,332.8125,-25.85
8776,332.20000000000005,-27.06666666666667
8777,331.57500000000005,-28.300000000000004
8778,330.925,-29.5
8779,330.25,-30.700000000000003
8780,329.5625,-31.883333333333333
8781,328.8625,-33.050000000000004
8782,328.13750000000005,-34.21666666666667
8783,327.38750000000005,-35.366666666666674
8784,326.625,-36.51666666666667
8785,325.83750000000003,-37.66666666666667
8786,325.02500000000003,-38.78333333333333
8787,324.20000000000005,-39.91666666666667
8788,323.3625,-41.01666666666667
8789,322.5,-42.116666666666674
8790,321.625,-43.2
8791,320.725,-44.266666666666666
8792,319.82500000000005,-45.31666666666666
8793,318.88750000000005,-46.35
8794,317.95,-47.35
8795,316.9875,-48.33333333333334
8796,316.0,-49.300000000000004
8797,315.0,-50.23333333333334
8798,313.975,-51.13333333333334
8799,312.9375,-52.016666666666666
8800,311.875,-52.88333333333334
8801,310.77500000000003,-53.73333333333334
8802,309.6625,-54.56666666666666
8803,308.52500000000003,-55.36666666666667
8804,307.375,-56.150000000000006
8805,306.1875,-56.91666666666667
8806,305.0,-57.66666666666667
8807,303.77500000000003,-58.38333333333334
8808,302.55,-59.08333333333334
8809,301.3,-59.766666666666666
8810,300.0375,-60.400000000000006
8811,298.77500000000003,-61.033333333333346
8812,297.4875,-61.61666666666666
8813,296.2,-62.18333333333334
8814,294.8875,-62.71666666666667
8815,293.575,-63.233333333333334
8816,292.25,-63.71666666666667
8817,290.9125,-64.16666666666667
8818,289.55,-64.58333333333334
8819,288.175,-64.98333333333333
8820,286.7875,-65.36666666666666
8821,285.3875,-65.71666666666667
8822,283.96250000000003,-66.03333333333335
8823,282.5375,-66.33333333333334
8824,281.08750000000003,-66.60000000000001
8825,279.6375,-66.83333333333334
8826,278.1875,-67.03333333333335
8827,276.725,-67.21666666666667
8828,275.2625,-67.35000000000001
8829,273.8125,-67.46666666666667
8830,272.35,-67.55
8831,270.90000000000003,-67.60000000000001
8832,269.45,-67.61666666666666
8833,268.0125,-67.60000000000001
8834,266.57500000000005,-67.55
8835,265.13750000000005,-67.48333333333333
8836,263.7125,-67.36666666666666
8837,262.3,-67.23333333333333
8838,260.88750000000005,-67.06666666666666
8839,259.4875,-66.88333333333334
8840,258.0875,-66.65
8841,256.7125,-66.4
8842,255.32500000000002,-66.11666666666666
8843,253.95000000000002,-65.8
8844,252.57500000000002,-65.45
8845,251.2125,-65.08333333333334
8846,249.82500000000002,-64.68333333333334
8847,248.45000000000002,-64.26666666666667
8848,247.0625,-63.83333333333334
8849,245.66250000000002,-63.38333333333334
8850,244.26250000000002,-62.900000000000006
8851,242.85000000000002,-62.41666666666667
8852,241.425,-61.91666666666667
8853,240.0,-61.400000000000006
8854,238.5625,-60.86666666666666
8855,237.10000000000002,-60.33333333333334
8856,235.65,-59.8
8857,234.16250000000002,-59.266666666666666
8858,232.675,-58.733333333333334
8859,231.175,-58.2
8860,229.65,-57.68333333333334
8861,228.1125,-57.150000000000006
8862,226.5625,-56.63333333333334
8863,225.0,-56.10000000000001
8864,223.41250000000002,-55.58333333333334
8865,221.82500000000002,-55.08333333333334
8866,220.2125,-54.56666666666666
8867,218.5875,-54.06666666666666
8868,216.95000000000002,-53.56666666666666
8869,215.3,-53.06666666666666
8870,213.625,-52.58333333333334
8871,211.9375,-52.1
8872,210.2375,-51.61666666666667
8873,208.525,-51.150000000000006
8874,206.8,-50.7
8875,205.05,-50.25
8876,203.28750000000002,-49.800000000000004
8877,201.51250000000002,-49.36666666666667
8878,199.72500000000002,-48.93333333333334
8879,197.925,-48.5
8880,196.10000000000002,-48.08333333333334
8881,194.275,-47.68333333333334
8882,192.425,-47.266666666666666
8883,190.57500000000002,-46.86666666666667
8884,188.70000000000002,-46.45
8885,186.8125,-46.050000000000004
8886,184.91250000000002,-45.666666666666664
8887,183.0,-45.266666666666666
8888,181.07500000000002,-44.88333333333334
8889,179.13750000000002,-44.5
8890,177.1875,-44.11666666666667
8891,175.22500000000002,-43.73333333333334
8892,173.25,-43.35
8893,171.26250000000002,-42.983333333333334
8894,169.26250000000002,-42.616666666666674
8895,167.2375,-42.25
8896,165.2125,-41.88333333333333
8897,163.175,-41.53333333333333
8898,161.125,-41.16666666666667
8899,159.0625,-40.81666666666667
8900,156.975,-40.45
8901,154.88750000000002,-40.083333333333336
8902,152.8,-39.71666666666667
8903,150.70000000000002,-39.35
8904,148.6125,-38.96666666666667
8905,146.5375,-38.583333333333336
8906,144.4875,-38.2
8907,142.475,-37.833333333333336
8908,140.5,-37.45
8909,138.55,-37.050000000000004
8910,136.6375,-36.66666666666667
8911,134.7625,-36.28333333333333
8912,132.925,-35.900000000000006
8913,131.125,-35.5
8914,129.35000000000002,-35.116666666666674
8915,127.625,-34.733333333333334
8916,125.92500000000001,-34.35
8917,124.25,-33.95
8918,122.5875,-33.550000000000004
8919,120.9375,-33.150000000000006
8920,119.30000000000001,-32.75
8921,117.67500000000001,-32.333333333333336
8922,116.0625,-31.933333333333337
8923,114.4625,-31.516666666666673
8924,112.8875,-31.1
8925,111.325,-30.66666666666667
8926,109.775,-30.233333333333334
8927,108.22500000000001,-29.800000000000004
8928,106.6875,-29.35
8929,105.15,-28.883333333333333
8930,103.61250000000001,-28.4
8931,102.0875,-27.91666666666667
8932,100.5625,-27.41666666666667
8933,99.05000000000001,-26.9
8934,97.53750000000001,-26.366666666666667
8935,96.03750000000001,-25.800000000000004
8936,94.53750000000001,-25.233333333333334
8937,93.05000000000001,-24.65
8938,91.5625,-24.03333333333333
8939,90.075,-23.383333333333333
8940,88.5875,-22.71666666666667
8941,87.10000000000001,-22.03333333333333
8942,85.6125,-21.31666666666667
8943,84.1375,-20.56666666666667
8944,82.66250000000001,-19.78333333333333
8945,81.2,-18.96666666666667
8946,79.75,-18.133333333333333
8947,78.3125,-17.266666666666666
8948,76.9,-16.383333333333336
8949,75.4875,-15.466666666666669
8950,74.1,-14.516666666666666
8951,72.73750000000001,-13.55
8952,71.4,-12.55
8953,70.0875,-11.516666666666666
8954,68.7875,-10.483333333333334
8955,67.525,-9.400000000000002
8956,66.2875,-8.316666666666666
8957,65.075,-7.200000000000001
8958,63.8875,-6.050000000000001
8959,62.725,-4.9
8960,61.612500000000004,-3.7166666666666686
8961,60.5125,-2.5166666666666675
8962,59.462500000000006,-1.3000000000000007
8963,58.425000000000004,-0.0666666666666682
8964,57.4125,1.1833333333333327
8965,56.4375,2.4499999999999993
8966,55.5,3.7333333333333334
8967,54.587500000000006,5.033333333333333
8968,53.712500000000006,6.366666666666667
8969,52.862500000000004,7.7
8970,52.0375,9.033333333333333
8971,51.25,10.4
8972,50.5,11.783333333333333
8973,49.7625,13.183333333333334
8974,49.0625,14.600000000000001
8975,48.3875,16.03333333333333
8976,47.737500000000004,17.483333333333334
8977,47.112500000000004,18.950000000000003
8978,46.5125,20.433333333333334
8979,45.95,21.933333333333337
8980,45.4125,23.450000000000003
8981,44.862500000000004,25.083333333333336
8982,44.3875,26.633333333333336
8983,43.9375,28.183333333333337
8984,43.525,29.766666666666666
8985,43.1375,31.333333333333336
8986,42.775000000000006,32.91666666666667
8987,42.45,34.53333333333333
8988,42.1375,36.150000000000006
8989,41.8625,37.78333333333333
8990,41.6,39.43333333333334
8991,41.375,41.1
8992,41.150000000000006,42.76666666666667
8993,40.95,44.45
8994,40.7625,46.15
8995,40.575,47.866666666666674
8996,40.400000000000006,49.583333333333336
8997,40.2375,51.31666666666667
8998,40.0625,53.06666666666667
8999,39.900000000000006,54.833333333333336
9000,39.7375,56.616666666666674
9001,39.575,58.41666666666667
9002,39.4125,60.21666666666667
9003,39.25,62.03333333333334
9004,39.087500000000006,63.86666666666667
9005,38.9125,65.7
9006,38.75,67.55000000000001
9007,38.587500000000006,69.41666666666666
9008,38.4125,71.30000000000001
9009,38.25,73.2
9010,38.1,75.10000000000001
9011,37.9375,77.01666666666667
9012,37.7875,78.95
9013,37.6375,80.9
9014,37.5,82.85000000000001
9015,37.375,84.81666666666666
9016,37.2375,86.81666666666666
9017,37.125,88.78333333333335
9018,37.0125,90.80000000000001
9019,36.900000000000006,92.81666666666666
9020,36.8,94.85000000000001
9021,36.712500000000006,96.88333333333334
9022,36.625,98.95
9023,36.55,101.01666666666667
9024,36.4875,103.10000000000001
9025,36.425,105.18333333333334
9026,36.3625,107.28333333333335
9027,36.3125,109.4
9028,36.275000000000006,111.53333333333333
9029,36.25,113.66666666666669
9030,36.225,115.81666666666668
9031,36.2,117.96666666666668
9032,36.2,120.15
9033,36.2,122.35000000000001
9034,36.212500000000006,124.51666666666668
9035,36.225,126.71666666666668
9036,36.25,128.9
9037,36.2875,131.10000000000002
9038,36.337500000000006,133.3
9039,36.3875,135.51666666666668
9040,36.4375,137.75
9041,36.5,139.98333333333332
9042,36.5625,142.21666666666667
9043,36.6375,144.46666666666667
9044,36.7,146.71666666666667
9045,36.7625,148.98333333333332
9046,36.837500000000006,151.26666666666668
9047,36.900000000000006,153.55
9048,36.962500000000006,155.85
9049,37.0375,158.15
9050,37.1,160.46666666666667
9051,37.175,162.78333333333333
9052,37.2625,165.11666666666667
9053,37.35,167.45000000000002
9054,37.45,169.8
9055,37.5625,172.15
9056,37.675,174.51666666666668
9057,37.8125,176.88333333333333
9058,37.962500000000006,179.28333333333333
9059,38.125,181.65
9060,38.3,184.05
9061,38.5,186.45000000000002
9062,38.7,188.86666666666667
9063,38.9125,191.28333333333333
9064,39.1375,193.70000000000002
9065,39.375,196.13333333333333
9066,39.625,198.5666666666667
9067,39.8875,201.01666666666668
9068,40.1625,203.4666666666667
9069,40.45,205.91666666666669
9070,40.75,208.38333333333333
9071,41.0625,210.86666666666667
9072,41.3875,213.33333333333337
9073,41.7375,215.81666666666666
9074,42.1,218.3
9075,42.475,220.78333333333336
9076,42.8625,223.28333333333336
9077,43.275,225.78333333333336
9078,43.7125,228.3
9079,44.15,230.81666666666666
9080,44.612500000000004,233.33333333333337
9081,45.0875,235.85000000000002
9082,45.5875,238.38333333333335
9083,46.1,240.88333333333335
9084,46.625,243.4
9085,47.1625,245.9
9086,47.7125,248.41666666666666
9087,48.2875,250.93333333333337
9088,48.875,253.48333333333335
9089,49.462500000000006,255.98333333333335
9090,50.087500000000006,258.5
9091,50.712500000000006,261.03333333333336
9092,51.362500000000004,263.56666666666666
9093,52.0125,266.1
9094,52.675000000000004,268.65000000000003
9095,53.362500000000004,271.18333333333334
9096,54.050000000000004,273.73333333333335
9097,54.75,276.31666666666666
9098,55.462500000000006,278.85
9099,56.175000000000004,281.40000000000003
9100,56.900000000000006,283.95
9101,57.650000000000006,286.51666666666665
9102,58.400000000000006,289.1
9103,59.150000000000006,291.6666666666667
9104,59.9125,294.25
9105,60.675000000000004,296.83333333333337
9106,61.45,299.4166666666667
9107,62.212500000000006,302.01666666666665
9108,62.975,304.6333333333334
9109,63.725,307.23333333333335
9110,64.475,309.8666666666667
9111,65.225,312.5
9112,65.975,315.15000000000003
9113,66.7,317.76666666666665
9114,67.4375,320.4166666666667
9115,68.17500000000001,323.08333333333337
9116,68.9125,325.75
9117,69.65,328.4166666666667
9118,70.4,331.1
9119,71.15,333.76666666666665
9120,71.9,336.45000000000005
9121,72.6625,339.1833333333334
9122,73.4125,341.83333333333337
9123,74.17500000000001,344.55
9124,74.9375,347.26666666666665
9125,75.6875,349.9666666666667
9126,76.4375,352.6833333333334
9127,77.1875,355.4166666666667
9128,77.925,358.15000000000003
9129,78.65,360.90000000000003
9130,79.375,363.65000000000003
9131,80.10000000000001,366.3833333333334
9132,80.8,369.1
9133,81.4875,371.76666666666665
9134,82.16250000000001,374.3833333333334
9135,82.85000000000001,377.03333333333336
9136,83.47500000000001,379.5
9137,84.1125,382.0
9138,84.75,384.4666666666667
9139,85.3625,386.8833333333334
9140,85.9625,389.26666666666665
9141,86.55,391.6
9142,87.125,393.90000000000003
9143,87.7,396.15000000000003
9144,88.25,398.3833333333334
9145,88.775,400.55
9146,89.30000000000001,402.70000000000005
9147,89.78750000000001,404.8
9148,90.275,406.8666666666667
9149,90.72500000000001,408.9166666666667
9150,91.15,410.9166666666667
9151,91.55000000000001,412.8833333333334
9152,91.92500000000001,414.83333333333337
9153,92.275,416.75
9154,92.60000000000001,418.6333333333333
9155,92.9,420.5
9156,93.17500000000001,422.3333333333333
9157,93.41250000000001,424.1333333333333
9158,93.6375,425.90000000000003
9159,93.8375,427.65000000000003
9160,94.0125,429.35
9161,94.17500000000001,431.0333333333333
9162,94.30000000000001,432.66666666666674
9163,94.41250000000001,434.2833333333333
9164,94.5,435.86666666666673
9165,94.5625,437.41666666666674
9166,94.60000000000001,438.93333333333334
9167,94.61250000000001,440.41666666666674
9168,94.60000000000001,441.86666666666673
9169,94.5625,443.3166666666667
9170,94.47500000000001,444.90000000000003
9171,94.36250000000001,446.2166666666667
9172,94.22500000000001,447.6333333333333
9173,94.05000000000001,449.0666666666667
9174,93.8375,450.45000000000005
9175,93.61250000000001,451.8333333333333
9176,93.36250000000001,453.18333333333334
9177,93.0875,454.48333333333335
9178,92.78750000000001,455.8
9179,92.4375,457.1
9180,92.0625,458.3833333333333
9181,91.65,459.65000000000003
9182,91.2125,460.90000000000003
9183,90.73750000000001,462.1333333333333
9184,90.23750000000001,463.35
9185,89.7,464.55
9186,89.125,465.75
9187,88.53750000000001,466.91666666666674
9188,87.9,468.0666666666667
9189,87.25,469.20000000000005
9190,86.5625,470.3166666666667
9191,85.85000000000001,471.40000000000003
9192,85.1125,472.48333333333335
9193,84.35000000000001,473.5333333333333
9194,83.5625,474.55
9195,82.75,475.55
9196,81.91250000000001,476.5333333333333
9197,81.05,477.48333333333335
9198,80.175,478.40000000000003
9199,79.275,479.3
9200,78.3375,480.18333333333334
9201,77.3875,481.0166666666667
9202,76.425,481.8166666666667
9203,75.4375,482.6
9204,74.4125,483.36666666666673
9205,73.3875,484.1
9206,72.3375,484.8
9207,71.25,485.5
9208,70.1375,486.16666666666674
9209,69.025,486.8
9210,67.875,487.43333333333334
9211,66.7125,488.0333333333333
9212,65.5125,488.6
9213,64.2875,489.16666666666674
9214,63.050000000000004,489.70000000000005
9215,61.800000000000004,490.20000000000005
9216,60.525000000000006,490.68333333333334
9217,59.225,491.1333333333333
9218,57.900000000000006,491.55
9219,56.5625,491.95000000000005
9220,55.2,492.3
9221,53.800000000000004,492.6333333333333
9222,52.425000000000004,492.93333333333334
9223,51.0125,493.20000000000005
9224,49.587500000000006,493.45000000000005
9225,48.1375,493.65000000000003
9226,46.675000000000004,493.8333333333333
9227,45.2,493.98333333333335
9228,43.7125,494.11666666666673
9229,42.212500000000006,494.2166666666667
9230,40.6875,494.3
9231,39.1625,494.35
9232,37.6125,494.40000000000003
9233,36.05,494.45000000000005
9234,34.4875,494.48333333333335
9235,32.900000000000006,494.5166666666667
9236,31.3,494.55
9237,29.7,494.5666666666667
9238,28.075,494.6
9239,26.4375,494.6
9240,24.762500000000003,494.61666666666673
9241,23.1125,494.61666666666673
9242,21.4625,494.6
9243,19.775,494.5666666666667
9244,18.0875,494.5333333333333
9245,16.375,494.48333333333335
9246,14.4375,494.40000000000003
9247,12.9,494.3333333333333
9248,11.4375,494.2666666666667
9249,9.4,494.15000000000003
9250,7.637499999999999,494.05
9251,6.1125,493.95000000000005
9252,4.3374999999999995,493.8166666666667
9253,2.237499999999999,493.65000000000003
9254,0.7374999999999989,493.5166666666667
9255,-1.0875000000000004,493.35
9256,-3.2125000000000004,493.15000000000003
9257,-4.75,492.98333333333335
9258,-6.587500000000002,492.7833333333333
9259,-8.762500000000003,492.5166666666667
9260,-10.325000000000003,492.3333333333333
9261,-12.200000000000003,492.0833333333333
9262,-14.400000000000002,491.7833333333333
9263,-15.9875,491.5666666666667
9264,-17.887500000000003,491.3
9265,-20.125,490.95000000000005
9266,-21.737500000000004,490.70000000000005
9267,-23.6625,490.3833333333333
9268,-25.9375,490.0
9269,-27.5625,489.7166666666667
9270,-29.525000000000006,489.35
9271,-31.825000000000003,488.91666666666674
9272,-33.475,488.6
9273,-35.462500000000006,488.20000000000005
9274,-37.7875,487.73333333333335
9275,-39.462500000000006,487.3833333333333
9276,-41.475,486.95000000000005
9277,-43.837500000000006,486.43333333333334
9278,-45.525000000000006,486.0666666666667
9279,-47.575,485.61666666666673
9280,-49.962500000000006,485.0833333333333
9281,-51.6875,484.70000000000005
9282,-53.75,484.23333333333335
9283,-56.175,483.70000000000005
9284,-57.91250000000001,483.3
9285,-60.0125,482.8333333333333
9286,-62.47500000000001,482.2833333333333
9287,-64.2375,481.8833333333333
9288,-66.36250000000001,481.40000000000003
9289,-68.825,480.85
9290,-70.60000000000001,480.4666666666667
9291,-72.72500000000001,479.98333333333335
9292,-75.2125,479.45000000000005
9293,-77.0,479.05
9294,-79.15,478.6
9295,-81.67500000000001,478.05
9296,-83.48750000000001,477.68333333333334
9297,-85.67500000000001,477.23333333333335
9298,-88.22500000000001,476.70000000000005
9299,-90.0625,476.3333333333333
9300,-92.2625,475.90000000000003
9301,-94.85000000000001,475.3833333333333
9302,-96.7,475.0166666666667
9303,-98.92500000000001,474.6
9304,-101.55000000000001,474.1
9305,-103.42500000000001,473.75
9306,-105.67500000000001,473.3166666666667
9307,-108.5,472.8
9308,-110.2125,472.4666666666667
9309,-112.5,472.05
9310,-115.17500000000001,471.55
9311,-117.0875,471.20000000000005
9312,-119.38750000000002,470.7833333333333
9313,-122.0875,470.2833333333333
9314,-124.025,469.91666666666674
9315,-126.35,469.48333333333335
9316,-129.07500000000002,468.98333333333335
9317,-131.025,468.61666666666673
9318,-133.375,468.18333333333334
9319,-136.13750000000002,467.68333333333334
9320,-138.1,467.3166666666667
9321,-140.4875,466.8833333333333
9322,-143.26250000000002,466.3833333333333
9323,-145.25,466.0166666666667
9324,-147.65,465.5833333333333
9325,-150.4625,465.0666666666667
9326,-152.47500000000002,464.70000000000005
9327,-154.88750000000002,464.2666666666667
9328,-157.72500000000002,463.7833333333333
9329,-159.76250000000002,463.41666666666674
9330,-162.2125,463.0166666666667
9331,-165.07500000000002,462.5333333333333
9332,-167.125,462.20000000000005
9333,-169.60000000000002,461.8166666666667
9334,-172.5,461.36666666666673
9335,-174.57500000000002,461.0666666666667
9336,-177.07500000000002,460.70000000000005
9337,-180.01250000000002,460.3
9338,-182.10000000000002,460.0
9339,-184.65,459.66666666666674
9340,-187.5875,459.2833333333333
9341,-189.7125,459.0166666666667
9342,-192.26250000000002,458.68333333333334
9343,-195.25,458.3166666666667
9344,-197.375,458.05
9345,-199.95000000000002,457.73333333333335
9346,-202.9625,457.36666666666673
9347,-205.1125,457.1
9348,-207.7125,456.7666666666667
9349,-210.7375,456.40000000000003
9350,-212.91250000000002,456.1333333333333
9351,-215.525,455.8166666666667
9352,-218.525,455.45000000000005
9353,-220.63750000000002,455.18333333333334
9354,-223.125,454.86666666666673
9355,-225.97500000000002,454.5
9356,-227.97500000000002,454.25
9357,-230.32500000000002,453.93333333333334
9358,-233.03750000000002,453.5666666666667
9359,-234.9375,453.3
9360,-237.175,452.98333333333335
9361,-239.72500000000002,452.61666666666673
9362,-241.51250000000002,452.35
9363,-243.625,452.0333333333333
9364,-246.03750000000002,451.66666666666674
9365,-247.71250000000003,451.40000000000003
9366,-249.6875,451.0666666666667
9367,-251.95,450.68333333333334
9368,-253.53750000000002,450.41666666666674
9369,-255.41250000000002,450.0833333333333
9370,-257.55,449.68333333333334
9371,-259.0375,449.40000000000003
9372,-260.8,449.0666666666667
9373,-262.8125,448.66666666666674
9374,-264.21250000000003,448.36666666666673
9375,-265.8625,448.0166666666667
9376,-267.75,447.5833333333333
9377,-269.075,447.2666666666667
9378,-270.65000000000003,446.86666666666673
9379,-272.475,446.35
9380,-273.77500000000003,445.98333333333335
9381,-275.3125,445.5
9382,-277.1125,444.90000000000003
9383,-278.3875,444.4666666666667
9384,-279.8875,443.91666666666674
9385,-281.6375,443.25
9386,-282.8875,442.75
9387,-284.3625,442.1333333333333
9388,-286.0625,441.3833333333333
9389,-287.27500000000003,440.8333333333333
9390,-288.725,440.15000000000003
9391,-290.3875,439.3333333333333
9392,-291.575,438.73333333333335
9393,-292.975,437.98333333333335
9394,-294.6,437.1
9395,-295.7625,436.4666666666667
9396,-297.125,435.66666666666674
9397,-298.71250000000003,434.7166666666667
9398,-299.82500000000005,434.0166666666667
9399,-301.15000000000003,433.15000000000003
9400,-302.675,432.1333333333333
9401,-303.75,431.3833333333333
9402,-305.02500000000003,430.45000000000005
9403,-306.5,429.35
9404,-307.55,428.5333333333333
9405,-309.01250000000005,427.3833333333333
9406,-310.26250000000005,426.36666666666673
9407,-311.3125,425.5
9408,-312.55,424.43333333333334
9409,-313.9875,423.16666666666674
9410,-315.0,422.25
9411,-316.21250000000003,421.11666666666673
9412,-317.58750000000003,419.7833333333333
9413,-318.5625,418.8
9414,-319.70000000000005,417.6333333333333
9415,-321.0,416.23333333333335
9416,-321.9125,415.2166666666667
9417,-322.9875,414.0
9418,-324.21250000000003,412.55
9419,-325.0625,411.5
9420,-326.07500000000005,410.2166666666667
9421,-327.21250000000003,408.7166666666667
9422,-328.01250000000005,407.6166666666667
9423,-328.95000000000005,406.3
9424,-330.0375,404.73333333333335
9425,-330.7875,403.6
9426,-331.6875,402.2166666666667
9427,-332.725,400.58333333333337
9428,-333.45000000000005,399.40000000000003
9429,-334.3125,397.9666666666667
9430,-335.3125,396.26666666666665
9431,-336.01250000000005,395.05
9432,-336.85,393.56666666666666
9433,-337.8,391.81666666666666
9434,-338.4875,390.55
9435,-339.2875,389.01666666666665
9436,-340.21250000000003,387.20000000000005
9437,-340.8625,385.8833333333334
9438,-341.63750000000005,384.3
9439,-342.52500000000003,382.4166666666667
9440,-343.13750000000005,381.06666666666666
9441,-343.8625,379.4333333333334
9442,-344.6875,377.5
9443,-345.27500000000003,376.1
9444,-345.96250000000003,374.4166666666667
9445,-346.7375,372.4333333333334
9446,-347.2875,371.0
9447,-347.9375,369.26666666666665
9448,-348.6875,367.23333333333335
9449,-349.20000000000005,365.76666666666665
9450,-349.82500000000005,363.98333333333335
9451,-350.52500000000003,361.90000000000003
9452,-351.02500000000003,360.40000000000003
9453,-351.6,358.6
9454,-352.27500000000003,356.4666666666667
9455,-352.7375,354.9333333333334
9456,-353.375,352.76666666666665
9457,-353.90000000000003,350.8833333333334
9458,-354.33750000000003,349.31666666666666
9459,-354.925,347.1
9460,-355.425,345.1833333333334
9461,-355.82500000000005,343.58333333333337
9462,-356.3625,341.31666666666666
9463,-356.8,339.3666666666667
9464,-357.1625,337.73333333333335
9465,-357.65000000000003,335.45000000000005
9466,-358.05,333.48333333333335
9467,-358.375,331.83333333333337
9468,-358.7375,329.8666666666667
9469,-359.1625,327.53333333333336
9470,-359.45000000000005,325.8666666666667
9471,-359.85,323.51666666666665
9472,-360.175,321.5
9473,-360.4375,319.81666666666666
9474,-360.8,317.4333333333334
9475,-361.1,315.40000000000003
9476,-361.33750000000003,313.68333333333334
9477,-361.6125,311.6333333333334
9478,-361.925,309.21666666666664
9479,-362.13750000000005,307.5
9480,-362.4125,305.06666666666666
9481,-362.63750000000005,302.96666666666664
9482,-362.8125,301.21666666666664
9483,-363.01250000000005,299.1166666666667
9484,-363.225,296.65000000000003
9485,-363.375,294.8833333333334
9486,-363.55,292.40000000000003
9487,-363.70000000000005,290.26666666666665
9488,-363.8,288.46666666666664
9489,-363.9375,285.96666666666664
9490,-364.0375,283.81666666666666
9491,-364.125,282.0
9492,-364.225,279.46666666666664
9493,-364.3,277.3
9494,-364.3625,275.48333333333335
9495,-364.4375,272.9166666666667
9496,-364.5,270.71666666666664
9497,-364.55,268.8833333333334
9498,-364.6125,266.3
9499,-364.6625,264.1
9500,-364.70000000000005,262.23333333333335
9501,-364.75,259.6333333333333
9502,-364.7875,257.4
9503,-364.82500000000005,255.53333333333336
9504,-364.875,252.91666666666666
9505,-364.925,250.66666666666666
9506,-364.95000000000005,248.78333333333336
9507,-365.0,246.5
9508,-365.05,243.86666666666667
9509,-365.08750000000003,241.96666666666667
9510,-365.125,239.3
9511,-365.175,237.0
9512,-365.20000000000005,235.08333333333337
9513,-365.25,232.4
9514,-365.2875,230.10000000000002
9515,-365.3125,228.16666666666666
9516,-365.35,225.45000000000002
9517,-365.375,223.11666666666667
9518,-365.38750000000005,221.16666666666666
9519,-365.4125,218.43333333333337
9520,-365.4125,216.08333333333337
9521,-365.425,214.11666666666667
9522,-365.4125,211.35000000000002
9523,-365.40000000000003,208.9666666666667
9524,-365.38750000000005,206.98333333333335
9525,-365.3625,204.20000000000002
9526,-365.33750000000003,201.8166666666667
9527,-365.3125,199.8166666666667
9528,-365.26250000000005,197.0
9529,-365.225,194.58333333333334
9530,-365.1875,192.5666666666667
9531,-365.13750000000005,190.11666666666667
9532,-365.08750000000003,187.28333333333333
9533,-365.05,185.25
9534,-364.9875,182.4
9535,-364.95000000000005,179.93333333333334
9536,-364.9125,177.88333333333333
9537,-364.8625,175.0
9538,-364.8125,172.51666666666668
9539,-364.7875,170.43333333333334
9540,-364.75,167.51666666666668
9541,-364.71250000000003,165.01666666666668
9542,-364.6875,162.93333333333334
9543,-364.65000000000003,159.98333333333332
9544,-364.625,157.46666666666667
9545,-364.6125,155.35
9546,-364.57500000000005,152.4
9547,-364.55,149.83333333333334
9548,-364.52500000000003,147.73333333333332
9549,-364.4875,144.75
9550,-364.45000000000005,142.18333333333334
9551,-364.425,140.03333333333333
9552,-364.375,137.03333333333333
9553,-364.35,134.41666666666669
9554,-364.32500000000005,132.13333333333333
9555,-364.3,129.53333333333333
9556,-364.27500000000003,126.93333333333334
9557,-364.26250000000005,124.31666666666668
9558,-364.26250000000005,121.7
9559,-364.26250000000005,119.08333333333333
9560,-364.27500000000003,116.45
9561,-364.2875,113.81666666666668
9562,-364.3125,111.16666666666669
9563,-364.33750000000003,108.51666666666667
9564,-364.38750000000005,105.86666666666667
9565,-364.4375,103.21666666666667
9566,-364.4875,100.55000000000001
9567,-364.55,97.86666666666667
9568,-364.6125,95.2
9569,-364.6875,92.51666666666667
9570,-364.76250000000005,89.81666666666666
9571,-364.83750000000003,87.11666666666667
9572,-364.9375,84.41666666666667
9573,-365.02500000000003,81.71666666666667
9574,-365.125,79.0
9575,-365.225,76.3
9576,-365.33750000000003,73.61666666666666
9577,-365.45000000000005,70.96666666666667
9578,-365.5625,68.33333333333334
9579,-365.675,65.75
9580,-365.8,63.18333333333334
9581,-365.9375,60.666666666666664
9582,-366.0625,58.18333333333334
9583,-366.21250000000003,55.733333333333334
9584,-366.3625,53.31666666666667
9585,-366.51250000000005,50.93333333333334
9586,-366.6875,48.583333333333336
9587,-366.8625,46.28333333333333
9588,-367.05,44.0
9589,-367.25,41.76666666666667
9590,-367.46250000000003,39.56666666666667
9591,-367.6875,37.400000000000006
9592,-367.95000000000005,35.05
9593,-368.175,33.16666666666667
9594,-368.425,31.083333333333336
9595,-368.6875,29.05
9596,-368.95000000000005,27.033333333333335
9597,-369.21250000000003,25.05
9598,-369.475,23.1
9599,-369.75,21.183333333333337
9600,-370.0,19.3
9601,-370.26250000000005,17.450000000000003
9602,-370.52500000000003,15.616666666666667
9603,-370.7875,13.8
9604,-371.05,12.016666666666666
9605,-371.3,10.283333333333333
9606,-371.5625,8.566666666666666
9607,-371.8125,6.883333333333333
9608,-372.07500000000005,5.199999999999999
9609,-372.33750000000003,3.5666666666666664
9610,-372.6,1.966666666666666
9611,-372.8625,0.38333333333333286
9612,-373.13750000000005,-1.1833333333333336
9613,-373.425,-2.7166666666666686
9614,-373.725,-4.25
9615,-374.02500000000003,-5.75
9616,-374.33750000000003,-7.25
9617,-374.675,-8.75
9618,-375.01250000000005,-10.233333333333334
9619,-375.35,-11.700000000000003
9620,-375.71250000000003,-13.150000000000002
9621,-376.07500000000005,-14.600000000000001
9622,-376.45000000000005,-16.033333333333335
9623,-376.82500000000005,-17.450000000000003
9624,-377.20000000000005,-18.833333333333332
9625,-377.57500000000005,-20.183333333333334
9626,-377.9375,-21.5
9627,-378.2875,-22.78333333333333
9628,-378.63750000000005,-24.03333333333333
9629,-378.96250000000003,-25.266666666666673
9630,-379.2875,-26.46666666666667
9631,-379.6,-27.633333333333333
9632,-379.88750000000005,-28.78333333333333
9633,-380.1625,-29.883333333333333
9634,-380.4125,-30.983333333333334
9635,-380.6625,-32.050000000000004
9636,-380.88750000000005,-33.083333333333336
9637,-381.1,-34.1
9638,-381.3,-35.083333333333336
9639,-381.4875,-36.06666666666667
9640,-381.65000000000003,-37.050000000000004
9641,-381.8125,-38.01666666666667
9642,-381.95000000000005,-39.0
9643,-382.07500000000005,-39.96666666666667
9644,-382.1875,-40.93333333333334
9645,-382.27500000000003,-41.900000000000006
9646,-382.33750000000003,-42.866666666666674
9647,-382.38750000000005,-43.83333333333334
9648,-382.4125,-44.78333333333334
9649,-382.40000000000003,-45.75
9650,-382.375,-46.71666666666667
9651,-382.32500000000005,-47.68333333333334
9652,-382.2375,-48.650000000000006
9653,-382.13750000000005,-49.6
9654,-382.0,-50.550000000000004
9655,-381.83750000000003,-51.5
9656,-381.63750000000005,-52.45
9657,-381.425,-53.400000000000006
9658,-381.175,-54.33333333333334
9659,-380.90000000000003,-55.266666666666666
9660,-380.6,-56.2
9661,-380.26250000000005,-57.11666666666666
9662,-379.90000000000003,-58.033333333333346
9663,-379.51250000000005,-58.91666666666667
9664,-379.1,-59.783333333333346
9665,-378.65000000000003,-60.650000000000006
9666,-378.175,-61.483333333333334
9667,-377.675,-62.3
9668,-377.15000000000003,-63.10000000000001
9669,-376.57500000000005,-63.86666666666666
9670,-375.9875,-64.61666666666666
9671,-375.3625,-65.31666666666666
9672,-374.725,-66.0
9673,-374.0625,-66.63333333333334
9674,-373.38750000000005,-67.25
9675,-372.71250000000003,-67.81666666666666
9676,-372.01250000000005,-68.35000000000001
9677,-371.3125,-68.85000000000001
9678,-370.6,-69.31666666666666
9679,-369.90000000000003,-69.73333333333335
9680,-369.20000000000005,-70.13333333333334
9681,-368.4875,-70.5
9682,-367.76250000000005,-70.83333333333334
9683,-367.0375,-71.15
9684,-366.3125,-71.41666666666667
9685,-365.5625,-71.66666666666667
9686,-364.8125,-71.9
9687,-364.05,-72.10000000000001
9688,-363.2875,-72.28333333333335
9689,-362.51250000000005,-72.45
9690,-361.7375,-72.60000000000001
9691,-360.9375,-72.75
9692,-360.15000000000003,-72.88333333333334
9693,-359.33750000000003,-73.01666666666667
9694,-358.5375,-73.15
9695,-357.71250000000003,-73.28333333333335
9696,-356.875,-73.43333333333334
9697,-356.02500000000003,-73.58333333333334
9698,-355.1625,-73.73333333333335
9699,-354.2875,-73.88333333333334
9700,-353.38750000000005,-74.05000000000001
9701,-352.475,-74.23333333333335
9702,-351.55,-74.41666666666667
9703,-350.6125,-74.63333333333334
9704,-349.6625,-74.85000000000001
9705,-348.6875,-75.08333333333334
9706,-347.70000000000005,-75.33333333333334
9707,-346.71250000000003,-75.61666666666667
9708,-345.71250000000003,-75.93333333333334
9709,-344.70000000000005,-76.26666666666667
9710,-343.675,-76.63333333333334
9711,-342.65000000000003,-77.03333333333335
9712,-341.6125,-77.46666666666667
9713,-340.57500000000005,-77.93333333333334
9714,-339.55,-78.43333333333334
9715,-338.5375,-78.96666666666667
9716,-337.5375,-79.53333333333335
9717,-336.5625,-80.13333333333334
9718,-335.6125,-80.76666666666667
9719,-334.6875,-81.45
9720,-333.77500000000003,-82.18333333333334
9721,-332.925,-82.91666666666667
9722,-332.08750000000003,-83.7
9723,-331.27500000000003,-84.5
9724,-330.5,-85.33333333333334
9725,-329.76250000000005,-86.18333333333334
9726,-329.0625,-87.06666666666666
9727,-328.38750000000005,-87.96666666666667
9728,-327.75,-88.88333333333334
9729,-327.15000000000003,-89.83333333333334
9730,-326.58750000000003,-90.78333333333335
9731,-326.05,-91.75
9732,-325.55,-92.73333333333335
9733,-325.07500000000005,-93.73333333333335
9734,-324.625,-94.73333333333333
9735,-324.1875,-95.73333333333333
9736,-323.7875,-96.73333333333333
9737,-323.425,-97.75
9738,-323.08750000000003,-98.76666666666668
9739,-322.77500000000003,-99.78333333333333
9740,-322.4875,-100.80000000000001
9741,-322.21250000000003,-101.81666666666668
9742,-321.96250000000003,-102.83333333333333
9743,-321.7375,-103.85000000000001
9744,-321.52500000000003,-104.86666666666667
9745,-321.35,-105.9
9746,-321.20000000000005,-106.91666666666669
9747,-321.05,-107.93333333333334
9748,-320.9375,-108.95
9749,-320.83750000000003,-109.95
9750,-320.77500000000003,-110.96666666666668
9751,-320.725,-111.96666666666668
9752,-320.71250000000003,-112.98333333333333
9753,-320.71250000000003,-113.98333333333333
9754,-320.75,-114.98333333333333
9755,-320.82500000000005,-115.96666666666668
9756,-320.9125,-116.96666666666668
9757,-321.01250000000005,-117.96666666666668
9758,-321.13750000000005,-118.98333333333333
9759,-321.2875,-120.01666666666668
9760,-321.4375,-121.05000000000001
9761,-321.58750000000003,-122.1
9762,-321.75,-123.16666666666669
9763,-321.9125,-124.26666666666668
9764,-322.07500000000005,-125.36666666666667
9765,-322.2375,-126.5
9766,-322.40000000000003,-127.65
9767,-322.55,-128.8
9768,-322.71250000000003,-130.0
9769,-322.875,-131.20000000000002
9770,-323.02500000000003,-132.41666666666669
9771,-323.1875,-133.66666666666669
9772,-323.33750000000003,-134.91666666666669
9773,-323.5,-136.20000000000002
9774,-323.6625,-137.5
9775,-323.82500000000005,-138.8166666666667
9776,-323.9875,-140.15
9777,-324.1625,-141.5
9778,-324.33750000000003,-142.86666666666667
9779,-324.51250000000005,-144.25
9780,-324.70000000000005,-145.66666666666669
9781,-324.88750000000005,-147.08333333333334
9782,-325.07500000000005,-148.53333333333333
9783,-325.27500000000003,-149.98333333333335
9784,-325.46250000000003,-151.4666666666667
9785,-325.6625,-152.9666666666667
9786,-325.85,-154.4666666666667
9787,-326.02500000000003,-155.9666666666667
9788,-326.21250000000003,-157.48333333333335
9789,-326.38750000000005,-159.01666666666668
9790,-326.5625,-160.5666666666667
9791,-326.7375,-162.13333333333333
9792,-326.90000000000003,-163.70000000000002
9793,-327.0625,-165.3
9794,-327.225,-166.9
9795,-327.375,-168.53333333333333
9796,-327.52500000000003,-170.16666666666669
9797,-327.6625,-171.8166666666667
9798,-327.8,-173.48333333333335
9799,-327.925,-175.16666666666669
9800,-328.05,-176.86666666666667
9801,-328.1625,-178.58333333333334
9802,-328.27500000000003,-180.3
9803,-328.3625,-182.03333333333333
9804,-328.45000000000005,-183.78333333333333
9805,-328.51250000000005,-185.55
9806,-328.57500000000005,-187.33333333333334
9807,-328.6125,-189.11666666666667
9808,-328.65000000000003,-190.91666666666669
9809,-328.6625,-192.73333333333335
9810,-328.65000000000003,-194.5666666666667
9811,-328.63750000000005,-196.4
9812,-328.6,-198.25
9813,-328.5375,-200.10000000000002
9814,-328.46250000000003,-201.93333333333337
9815,-328.3625,-203.78333333333336
9816,-328.25,-205.63333333333335
9817,-328.1125,-207.48333333333335
9818,-327.95000000000005,-209.33333333333337
9819,-327.77500000000003,-211.18333333333337
9820,-327.5625,-213.01666666666665
9821,-327.33750000000003,-214.85000000000002
9822,-327.08750000000003,-216.70000000000002
9823,-326.8125,-218.51666666666665
9824,-326.5,-220.35000000000002
9825,-326.15000000000003,-222.15
9826,-325.77500000000003,-223.96666666666667
9827,-325.3625,-225.76666666666665
9828,-324.925,-227.55
9829,-324.46250000000003,-229.33333333333337
9830,-323.96250000000003,-231.10000000000002
9831,-323.4375,-232.85000000000002
9832,-322.8625,-234.60000000000002
9833,-322.27500000000003,-236.33333333333337
9834,-321.63750000000005,-238.06666666666666
9835,-320.975,-239.78333333333336
9836,-320.27500000000003,-241.48333333333335
9837,-319.52500000000003,-243.18333333333337
9838,-318.75,-244.88333333333335
9839,-317.9375,-246.56666666666666
9840,-317.1,-248.25
9841,-316.21250000000003,-249.93333333333334
9842,-315.3125,-251.60000000000002
9843,-314.3625,-253.26666666666665
9844,-313.38750000000005,-254.91666666666669
9845,-312.3625,-256.55
9846,-311.3,-258.1666666666667
9847,-310.21250000000003,-259.76666666666665
9848,-309.08750000000003,-261.35
9849,-307.925,-262.90000000000003
9850,-306.7375,-264.43333333333334
9851,-305.51250000000005,-265.9166666666667
9852,-304.26250000000005,-267.3833333333334
9853,-302.96250000000003,-268.83333333333337
9854,-301.65000000000003,-270.23333333333335
9855,-300.3,-271.6
9856,-298.9125,-272.9166666666667
9857,-297.5,-274.21666666666664
9858,-296.05,-275.46666666666664
9859,-294.58750000000003,-276.6666666666667
9860,-293.08750000000003,-277.83333333333337
9861,-291.5625,-278.96666666666664
9862,-290.0125,-280.03333333333336
9863,-288.4375,-281.05
9864,-286.85,-282.03333333333336
9865,-285.2375,-282.98333333333335
9866,-283.6125,-283.8833333333334
9867,-281.975,-284.75
9868,-280.325,-285.56666666666666
9869,-278.65000000000003,-286.33333333333337
9870,-276.96250000000003,-287.06666666666666
9871,-275.2625,-287.76666666666665
9872,-273.55,-288.4166666666667
9873,-271.825,-289.03333333333336
9874,-270.0625,-289.6166666666667
9875,-268.3,-290.1666666666667
9876,-266.5125,-290.6666666666667
9877,-264.725,-291.15000000000003
9878,-262.925,-291.56666666666666
9879,-261.1125,-291.95
9880,-259.3,-292.28333333333336
9881,-257.475,-292.58333333333337
9882,-255.65000000000003,-292.85
9883,-253.825,-293.06666666666666
9884,-252.0,-293.26666666666665
9885,-250.16250000000002,-293.4166666666667
9886,-248.325,-293.53333333333336
9887,-246.4875,-293.6166666666667
9888,-244.65,-293.6666666666667
9889,-242.8,-293.6666666666667
9890,-240.9625,-293.65000000000003
9891,-239.1125,-293.58333333333337
9892,-237.25,-293.48333333333335
9893,-235.38750000000002,-293.33333333333337
9894,-233.525,-293.15000000000003
9895,-231.66250000000002,-292.93333333333334
9896,-229.78750000000002,-292.68333333333334
9897,-227.85000000000002,-292.3833333333334
9898,-225.9625,-292.06666666666666
9899,-224.0875,-291.71666666666664
9900,-222.20000000000002,-291.33333333333337
9901,-220.3125,-290.90000000000003
9902,-218.41250000000002,-290.45
9903,-216.51250000000002,-289.96666666666664
9904,-214.6125,-289.43333333333334
9905,-212.7125,-288.8833333333334
9906,-210.8125,-288.3
9907,-208.91250000000002,-287.68333333333334
9908,-207.025,-287.01666666666665
9909,-205.13750000000002,-286.31666666666666
9910,-203.26250000000002,-285.58333333333337
9911,-201.38750000000002,-284.81666666666666
9912,-199.53750000000002,-284.01666666666665
9913,-197.675,-283.21666666666664
9914,-195.82500000000002,-282.43333333333334
9915,-193.9625,-281.65000000000003
9916,-192.07500000000002,-280.90000000000003
9917,-190.20000000000002,-280.2
9918,-188.3,-279.51666666666665
9919,-186.4,-278.8833333333334
9920,-184.4875,-278.26666666666665
9921,-182.5625,-277.7
9922,-180.63750000000002,-277.1666666666667
9923,-178.70000000000002,-276.6666666666667
9924,-176.75,-276.21666666666664
9925,-174.8,-275.78333333333336
9926,-172.8375,-275.40000000000003
9927,-170.8625,-275.05
9928,-168.88750000000002,-274.71666666666664
9929,-166.9,-274.40000000000003
9930,-164.91250000000002,-274.08333333333337
9931,-162.925,-273.76666666666665
9932,-160.9375,-273.4166666666667
9933,-158.95000000000002,-273.05
9934,-156.9625,-272.6666666666667
9935,-154.9875,-272.26666666666665
9936,-153.01250000000002,-271.85
9937,-151.0625,-271.4166666666667
9938,-149.13750000000002,-270.96666666666664
9939,-147.2375,-270.51666666666665
9940,-145.375,-270.06666666666666
9941,-143.55,-269.6
9942,-141.75,-269.1333333333334
9943,-139.9875,-268.6666666666667
9944,-138.25,-268.2
9945,-136.55,-267.71666666666664
9946,-134.8625,-267.25
9947,-133.2125,-266.75
9948,-131.5625,-266.25
9949,-129.925,-265.73333333333335
9950,-128.3,-265.2
9951,-126.67500000000001,-264.6666666666667
9952,-125.07500000000002,-264.1166666666667
9953,-123.48750000000001,-263.55
9954,-121.92500000000001,-262.98333333333335
9955,-120.36250000000001,-262.40000000000003
9956,-118.82500000000002,-261.81666666666666
9957,-117.30000000000001,-261.21666666666664
9958,-115.80000000000001,-260.6
9959,-114.30000000000001,-259.96666666666664
9960,-112.825,-259.3
9961,-111.3375,-258.65000000000003
9962,-109.875,-257.96666666666664
9963,-108.41250000000001,-257.28333333333336
9964,-106.95,-256.6
9965,-105.5,-255.90000000000003
9966,-104.05000000000001,-255.18333333333334
9967,-102.61250000000001,-254.48333333333335
9968,-101.16250000000001,-253.76666666666665
9969,-99.72500000000001,-253.06666666666666
9970,-98.275,-252.36666666666667
9971,-96.825,-251.66666666666669
9972,-95.3875,-250.98333333333335
9973,-93.92500000000001,-250.3
9974,-92.47500000000001,-249.63333333333338
9975,-91.0125,-248.96666666666664
9976,-89.55000000000001,-248.31666666666666
9977,-88.0875,-247.68333333333337
9978,-86.61250000000001,-247.06666666666666
9979,-85.1375,-246.45000000000002
9980,-83.65,-245.85000000000002
9981,-82.16250000000001,-245.25
9982,-80.66250000000001,-244.68333333333337
9983,-79.16250000000001,-244.11666666666667
9984,-77.66250000000001,-243.58333333333337
9985,-76.16250000000001,-243.05
9986,-74.65,-242.55
9987,-73.125,-242.08333333333337
9988,-71.60000000000001,-241.63333333333335
9989,-70.0625,-241.21666666666667
9990,-68.5125,-240.83333333333337
9991,-66.9625,-240.48333333333335
9992,-65.41250000000001,-240.15
9993,-63.85000000000001,-239.86666666666667
9994,-62.275000000000006,-239.61666666666667
9995,-60.7,-239.4
9996,-59.125,-239.20000000000002
9997,-57.53750000000001,-239.05
9998,-55.9375,-238.93333333333337
9999,-54.325,-238.85000000000002
10000,-52.7,-238.81666666666666
10001,-51.0625,-238.8
10002,-49.425000000000004,-238.85000000000002
10003,-47.7875,-238.91666666666666
10004,-46.150000000000006,-239.03333333333336
10005,-44.525000000000006,-239.20000000000002
10006,-42.900000000000006,-239.4
10007,-41.2875,-239.65
10008,-39.675000000000004,-239.93333333333337
10009,-38.0625,-240.25
10010,-36.462500000000006,-240.61666666666667
10011,-34.8875,-241.01666666666665
10012,-33.325,-241.46666666666667
10013,-31.775000000000006,-241.95000000000002
10014,-30.25,-242.46666666666667
10015,-28.75,-243.03333333333336
10016,-27.275,-243.63333333333335
10017,-25.8125,-244.26666666666665
10018,-24.387500000000003,-244.93333333333337
10019,-22.887500000000003,-245.68333333333337
10020,-21.637500000000003,-246.35000000000002
10021,-20.3,-247.11666666666667
10022,-19.012500000000003,-247.9
10023,-17.75,-248.71666666666664
10024,-16.512500000000003,-249.56666666666666
10025,-15.337500000000002,-250.43333333333334
10026,-14.175,-251.31666666666666
10027,-13.05,-252.23333333333335
10028,-11.950000000000003,-253.18333333333334
10029,-10.900000000000002,-254.15000000000003
10030,-9.8625,-255.15000000000003
10031,-8.875,-256.15000000000003
10032,-7.925000000000001,-257.18333333333334
10033,-7.0,-258.23333333333335
10034,-6.100000000000001,-259.3
10035,-5.25,-260.3833333333334
10036,-4.412500000000001,-261.48333333333335
10037,-3.625,-262.6
10038,-2.8625000000000007,-263.73333333333335
10039,-2.125,-264.8666666666667
10040,-1.4375,-266.01666666666665
10041,-0.7750000000000004,-267.18333333333334
10042,-0.15000000000000036,-268.3666666666667
10043,0.4499999999999993,-269.55
10044,1.0124999999999993,-270.76666666666665
10045,1.5374999999999996,-272.0
10046,2.049999999999999,-273.23333333333335
10047,2.5374999999999996,-274.48333333333335
10048,3.0,-275.75
10049,3.4624999999999995,-277.01666666666665
10050,3.9124999999999996,-278.31666666666666
10051,4.3625,-279.6
10052,4.824999999999999,-280.8833333333334
10053,5.2875,-282.18333333333334
10054,5.762499999999999,-283.48333333333335
10055,6.25,-284.78333333333336
10056,6.7375,-286.1166666666667
10057,7.2375,-287.43333333333334
10058,7.762499999999999,-288.76666666666665
10059,8.275,-290.1166666666667
10060,8.8125,-291.48333333333335
10061,9.35,-292.85
10062,9.9,-294.23333333333335
10063,10.4625,-295.6166666666667
10064,11.025,-297.03333333333336
10065,11.6,-298.45
10066,12.1875,-299.8666666666667
10067,12.7875,-301.3
10068,13.3875,-302.75
10069,14.0,-304.2166666666667
10070,14.625,-305.6833333333334
10071,15.2625,-307.1666666666667
10072,15.9,-308.65000000000003
10073,16.5625,-310.15000000000003
10074,17.225,-311.65000000000003
10075,17.9,-313.1666666666667
10076,18.5875,-314.70000000000005
10077,19.2875,-316.25
10078,20.0,-317.78333333333336
10079,20.725,-319.35
10080,21.4625,-320.9166666666667
10081,22.2125,-322.48333333333335
10082,22.9625,-324.06666666666666
10083,23.725,-325.6666666666667
10084,24.4875,-327.26666666666665
10085,25.275,-328.8833333333334
10086,26.0625,-330.51666666666665
10087,26.85,-332.15000000000003
10088,27.6625,-333.8
10089,28.462500000000002,-335.4666666666667
10090,29.2875,-337.1333333333334
10091,30.125,-338.85
10092,30.9375,-340.51666666666665
10093,31.775000000000002,-342.2166666666667
10094,32.6125,-343.9333333333334
10095,33.462500000000006,-345.6666666666667
10096,34.3125,-347.40000000000003
10097,35.175,-349.15000000000003
10098,36.05,-350.9166666666667
10099,36.925,-352.6833333333334
10100,37.8125,-354.4666666666667
10101,38.7,-356.25
10102,39.6,-358.05
10103,40.5125,-359.8666666666667
10104,41.4375,-361.6833333333334
10105,42.3625,-363.5
10106,43.300000000000004,-365.33333333333337
10107,44.25,-367.1833333333334
10108,45.2125,-369.03333333333336
10109,46.175000000000004,-370.90000000000003
10110,47.15,-372.76666666666665
10111,48.1375,-374.65000000000003
10112,49.1375,-376.53333333333336
10113,50.1375,-378.4333333333334
10114,51.150000000000006,-380.33333333333337
10115,52.1625,-382.25
10116,53.175000000000004,-384.1666666666667
10117,54.1875,-386.06666666666666
10118,55.1875,-387.9666666666667
10119,56.1875,-389.8666666666667
10120,57.175000000000004,-391.73333333333335
10121,58.1375,-393.6
10122,59.087500000000006,-395.4166666666667
10123,60.025000000000006,-397.2166666666667
10124,60.9375,-398.9666666666667
10125,61.837500000000006,-400.6833333333334
10126,62.712500000000006,-402.3833333333333
10127,63.575,-404.0333333333333
10128,64.4125,-405.66666666666674
10129,65.23750000000001,-407.25
10130,66.05000000000001,-408.8166666666667
10131,66.85,-410.36666666666673
10132,67.6375,-411.86666666666673
10133,68.4125,-413.36666666666673
10134,69.17500000000001,-414.8333333333333
10135,69.92500000000001,-416.2833333333333
10136,70.6625,-417.7166666666667
10137,71.4,-419.1333333333333
10138,72.125,-420.55
10139,72.85,-421.95000000000005
10140,73.5625,-423.35
10141,74.275,-424.75
10142,74.98750000000001,-426.1333333333333
10143,75.675,-427.5166666666667
10144,76.375,-428.8833333333333
10145,77.0625,-430.25
10146,77.7375,-431.6
10147,78.41250000000001,-432.95000000000005
10148,79.075,-434.3
10149,79.75,-435.65000000000003
10150,80.4,-436.98333333333335
10151,81.0625,-438.3
10152,81.7125,-439.6333333333333
10153,82.3625,-440.95000000000005
10154,83.0,-442.2666666666667
10155,83.6375,-443.5666666666667
10156,84.275,-444.86666666666673
10157,84.8875,-446.1333333333333
10158,85.5,-447.3833333333333
10159,86.0875,-448.6
10160,86.675,-449.7833333333333
10161,87.2375,-450.95000000000005
10162,87.78750000000001,-452.0666666666667
10163,88.3375,-453.16666666666674
10164,88.875,-454.25
10165,89.41250000000001,-455.3
10166,89.92500000000001,-456.3166666666667
10167,90.45,-457.3
10168,90.9625,-458.2666666666667
10169,91.4625,-459.18333333333334
10170,91.97500000000001,-460.1
10171,92.47500000000001,-460.9666666666667
10172,92.97500000000001,-461.8166666666667
10173,93.47500000000001,-462.61666666666673
10174,93.9625,-463.40000000000003
10175,94.4625,-464.16666666666674
10176,94.95,-464.8833333333333
10177,95.45,-465.5666666666667
10178,95.9375,-466.23333333333335
10179,96.4375,-466.86666666666673
10180,96.95,-467.48333333333335
10181,97.47500000000001,-468.0666666666667
10182,98.0,-468.6333333333333
10183,98.55000000000001,-469.18333333333334
10184,99.125,-469.7166666666667
10185,99.7125,-470.23333333333335
10186,100.3125,-470.73333333333335
10187,100.9375,-471.2166666666667
10188,101.575,-471.66666666666674
10189,102.22500000000001,-472.1
10190,102.8875,-472.5166666666667
10191,103.5625,-472.91666666666674
10192,104.2625,-473.2833333333333
10193,104.9625,-473.6333333333333
10194,105.67500000000001,-473.95000000000005
10195,106.41250000000001,-474.25
10196,107.15,-474.5333333333333
10197,107.9,-474.7833333333333
10198,108.65,-475.0
10199,109.41250000000001,-475.20000000000005
10200,110.2,-475.3833333333333
10201,110.98750000000001,-475.5333333333333
10202,111.80000000000001,-475.66666666666674
10203,112.61250000000001,-475.7833333333333
10204,113.45,-475.86666666666673
10205,114.28750000000001,-475.93333333333334
10206,115.15,-475.9666666666667
10207,116.0125,-475.98333333333335
10208,116.875,-475.9666666666667
10209,117.73750000000001,-475.93333333333334
10210,118.61250000000001,-475.85
10211,119.47500000000001,-475.75
10212,120.325,-475.6333333333333
10213,121.1875,-475.4666666666667
10214,122.03750000000001,-475.2833333333333
10215,122.875,-475.0833333333333
10216,123.7125,-474.8333333333333
10217,124.53750000000001,-474.5833333333333
10218,125.36250000000001,-474.2833333333333
10219,126.1875,-473.9666666666667
10220,126.98750000000001,-473.6333333333333
10221,127.78750000000001,-473.2666666666667
10222,128.575,-472.8833333333333
10223,129.3625,-472.4666666666667
10224,130.125,-472.0333333333333
10225,130.9,-471.5666666666667
10226,131.65,-471.1
10227,132.4,-470.6
10228,133.1375,-470.0833333333333
10229,133.875,-469.55
10230,134.625,-469.0
10231,135.3625,-468.43333333333334
10232,136.1125,-467.8333333333333
10233,136.85000000000002,-467.23333333333335
10234,137.60000000000002,-466.6
10235,138.35000000000002,-465.95000000000005
10236,139.1,-465.2833333333333
10237,139.8375,-464.6
10238,140.5875,-463.8833333333333
10239,141.32500000000002,-463.15000000000003
10240,142.0625,-462.40000000000003
10241,142.7875,-461.6333333333333
10242,143.525,-460.8333333333333
10243,144.25,-460.0166666666667
10244,144.975,-459.16666666666674
10245,145.6875,-458.3
10246,146.4,-457.40000000000003
10247,147.1125,-456.5
10248,147.8,-455.55
10249,148.5,-454.5833333333333
10250,149.175,-453.6
10251,149.85,-452.6
10252,150.525,-451.5666666666667
10253,151.20000000000002,-450.5166666666667
10254,151.8625,-449.45000000000005
10255,152.5375,-448.35
10256,153.20000000000002,-447.23333333333335
10257,153.8625,-446.1
10258,154.5375,-444.93333333333334
10259,155.2125,-443.7666666666667
10260,155.88750000000002,-442.5666666666667
10261,156.57500000000002,-441.36666666666673
10262,157.275,-440.15000000000003
10263,157.9875,-438.91666666666674
10264,158.7125,-437.66666666666674
10265,159.45000000000002,-436.41666666666674
10266,160.20000000000002,-435.15000000000003
10267,160.975,-433.86666666666673
10268,161.76250000000002,-432.5833333333333
10269,162.57500000000002,-431.2833333333333
10270,163.4,-429.98333333333335
10271,164.2375,-428.68333333333334
10272,165.10000000000002,-427.36666666666673
10273,165.97500000000002,-426.05
10274,166.85000000000002,-424.73333333333335
10275,167.7375,-423.41666666666674
10276,168.65,-422.1
10277,169.5625,-420.7666666666667
10278,170.4875,-419.43333333333334
10279,171.41250000000002,-418.0833333333333
10280,172.3625,-416.7166666666667
10281,173.3125,-415.35
10282,174.26250000000002,-413.9666666666667
10283,175.22500000000002,-412.5833333333333
10284,176.20000000000002,-411.18333333333334
10285,177.175,-409.7666666666667
10286,178.16250000000002,-408.3333333333333
10287,179.15,-406.90000000000003
10288,180.15,-405.45000000000005
10289,181.16250000000002,-404.0
10290,182.175,-402.5166666666667
10291,183.20000000000002,-401.05
10292,184.22500000000002,-399.55
10293,185.26250000000002,-398.05
10294,186.32500000000002,-396.53333333333336
10295,187.375,-395.03333333333336
10296,188.45000000000002,-393.51666666666665
10297,189.525,-391.98333333333335
10298,190.625,-390.4333333333334
10299,191.72500000000002,-388.8833333333334
10300,192.8375,-387.33333333333337
10301,193.95000000000002,-385.76666666666665
10302,195.0875,-384.20000000000005
10303,196.2375,-382.6166666666667
10304,197.38750000000002,-381.03333333333336
10305,198.55,-379.4333333333334
10306,199.72500000000002,-377.83333333333337
10307,200.91250000000002,-376.2166666666667
10308,202.1125,-374.6
10309,203.3125,-372.9666666666667
10310,204.525,-371.33333333333337
10311,205.75,-369.6833333333334
10312,206.9875,-368.03333333333336
10313,208.2375,-366.35
10314,209.47500000000002,-364.70000000000005
10315,210.7375,-363.03333333333336
10316,212.0,-361.33333333333337
10317,213.25,-359.65000000000003
10318,214.51250000000002,-357.9666666666667
10319,215.775,-356.26666666666665
10320,217.03750000000002,-354.55
10321,218.3,-352.83333333333337
10322,219.5625,-351.1
10323,220.82500000000002,-349.3666666666667
10324,222.0875,-347.6166666666667
10325,223.3625,-345.85
10326,224.625,-344.06666666666666
10327,225.9,-342.28333333333336
10328,227.16250000000002,-340.5
10329,228.4375,-338.6833333333334
10330,229.7125,-336.8666666666667
10331,230.97500000000002,-335.03333333333336
10332,232.26250000000002,-333.20000000000005
10333,233.53750000000002,-331.35
10334,234.8125,-329.5
10335,236.0875,-327.6166666666667
10336,237.375,-325.73333333333335
10337,238.65,-323.85
10338,239.9375,-321.95000000000005
10339,241.2125,-320.05
10340,242.5,-318.1333333333334
10341,243.8,-316.20000000000005
10342,245.0875,-314.26666666666665
10343,246.38750000000002,-312.31666666666666
10344,247.6875,-310.3666666666667
10345,248.9875,-308.40000000000003
10346,250.3,-306.4333333333334
10347,251.6125,-304.45000000000005
10348,252.9375,-302.48333333333335
10349,254.26250000000002,-300.5
10350,255.60000000000002,-298.5
10351,256.95000000000005,-296.5
10352,258.3,-294.5
10353,259.6625,-292.48333333333335
10354,261.025,-290.48333333333335
10355,262.4,-288.45
10356,263.775,-286.43333333333334
10357,265.1625,-284.40000000000003
10358,266.5625,-282.3666666666667
10359,267.96250000000003,-280.33333333333337
10360,269.375,-278.3
10361,270.8125,-276.25
10362,272.2375,-274.2
10363,273.6875,-272.15000000000003
10364,275.1375,-270.1
10365,276.6,-268.03333333333336
10366,278.075,-265.98333333333335
10367,279.5625,-263.9166666666667
10368,281.05,-261.85
10369,282.55,-259.76666666666665
10370,284.05,-257.7
10371,285.5625,-255.58333333333337
10372,287.0625,-253.51666666666665
10373,288.5625,-251.41666666666669
10374,290.075,-249.3
10375,291.575,-247.18333333333337
10376,293.075,-245.05
10377,294.58750000000003,-242.91666666666666
10378,296.08750000000003,-240.76666666666665
10379,297.58750000000003,-238.60000000000002
10380,299.08750000000003,-236.43333333333337
10381,300.6,-234.26666666666665
10382,302.1,-232.08333333333337
10383,303.6,-229.9
10384,305.1,-227.70000000000002
10385,306.6,-225.48333333333335
10386,308.1,-223.26666666666665
10387,309.575,-221.03333333333336
10388,311.0375,-218.81666666666666
10389,312.5,-216.56666666666666
10390,313.95,-214.33333333333337
10391,315.3875,-212.08333333333337
10392,316.825,-209.81666666666666
10393,318.25,-207.53333333333336
10394,319.6625,-205.23333333333335
10395,321.0625,-202.93333333333337
10396,322.45000000000005,-200.61666666666667
10397,323.82500000000005,-198.28333333333336
10398,325.1875,-195.95000000000002
10399,326.55,-193.58333333333334
10400,327.88750000000005,-191.2166666666667
10401,329.21250000000003,-188.85000000000002
10402,330.5375,-186.45000000000002
10403,331.82500000000005,-184.05
10404,333.1125,-181.63333333333333
10405,334.375,-179.20000000000002
10406,335.625,-176.75
10407,336.8625,-174.3
10408,338.07500000000005,-171.83333333333334
10409,339.2875,-169.35000000000002
10410,340.475,-166.85000000000002
10411,341.6625,-164.35000000000002
10412,342.8125,-161.83333333333334
10413,343.96250000000003,-159.3
10414,345.07500000000005,-156.75
10415,346.1875,-154.20000000000002
10416,347.27500000000003,-151.63333333333333
10417,348.33750000000003,-149.05
10418,349.40000000000003,-146.4666666666667
10419,350.45000000000005,-143.86666666666667
10420,351.475,-141.26666666666668
10421,352.51250000000005,-138.65
10422,353.52500000000003,-136.01666666666668
10423,354.5375,-133.38333333333333
10424,355.5375,-130.75
10425,356.52500000000003,-128.1
10426,357.5,-125.46666666666667
10427,358.475,-122.81666666666669
10428,359.45000000000005,-120.20000000000002
10429,360.40000000000003,-117.60000000000001
10430,361.35,-115.03333333333333
10431,362.2875,-112.46666666666668
10432,363.1875,-110.01666666666668
10433,364.1,-107.56666666666668
10434,364.9875,-105.13333333333333
10435,365.875,-102.75
10436,366.75,-100.4
10437,367.6125,-98.08333333333333
10438,368.46250000000003,-95.80000000000001
10439,369.3,-93.55000000000001
10440,370.125,-91.33333333333334
10441,370.9375,-89.16666666666667
10442,371.75,-87.01666666666667
10443,372.5375,-84.9
10444,373.3125,-82.83333333333334
10445,374.08750000000003,-80.78333333333335
10446,374.85,-78.76666666666667
10447,375.6,-76.76666666666667
10448,376.35,-74.80000000000001
10449,377.1,-72.83333333333334
10450,377.85,-70.88333333333334
10451,378.58750000000003,-68.93333333333334
10452,379.33750000000003,-67.0
10453,380.08750000000003,-65.05
10454,380.82500000000005,-63.11666666666666
10455,381.5625,-61.18333333333334
10456,382.2875,-59.25
10457,383.01250000000005,-57.31666666666666
10458,383.7375,-55.400000000000006
10459,384.45000000000005,-53.46666666666667
10460,385.175,-51.53333333333334
10461,385.975,-49.36666666666667
